ID,cluster_id
uGI8F9Er0c5XwdnX,33
Dqt2gc3V5RJqmLE5,33
eqF93vAKYa4aOeHr,33
SEYEZ7fwp3MbYkkB,33
sQjpjiUTThaMf4j6,33
Zer3bZ5I7YFGoqS6,33
xD0EIkxQ5xUJIjuV,33
vIO1Vk2ZKi0Yn0Sz,33
0mbbbshnl0XReeqC,50
8kn3TLDy8Pzkhxre,50
ATePrG4XYYSk9SqP,50
nRvxGECsX83w3iAn,50
ik2J2jh39lYRPIih,50
WDbUz3HEvBWEdEfO,50
y4cX8NR9p3eQRAcH,50
Z2mR1OD41ELWIjS3,50
tcWjg7hB7HjofnFN,22
8K3R5VHfGgPa9cZR,22
243Efrgr29lBU5si,22
m2hBfXjaPMNj7JAQ,22
H6MlB7cGEGI4lZ6J,22
ewYlEIEmas0JBluR,22
BU7IrN4RM2C3UZC0,22
UUMGGElAnTqRKlfO,22
huKYbaDS0hn3iQSa,20
zF6Y0Q8CW0z7x0EU,20
v2PiLBtv4u7leFxd,20
5fg6hZ3GqQbzwqGI,20
rmAMD7qwDT9Hnue7,20
R3i1amI9QDkg6ihX,20
0ZvGzksVcRwCqqvb,20
gg5hfS9d6SHxZS3e,20
tlIG4kS1IsC4cvjc,46
7G2Eyw9CxUwwivGA,46
RAalP94Vy9npUxzr,46
ChtGx4491s5eJoNw,46
Jrm3V9E0DcaSAlZF,46
i5MI0a58XRPBHAx3,46
cSHBo8ZEYXywLZV6,46
6Q9xqqBd0In0I4xS,46
eEMNnCTYJgaPRPW6,64
lX9s1LYu4gomLBB0,64
trQe5eMPRmws6XCS,64
vPp8Ebgi7VUqkQsQ,64
aI94QnYrXA1qRrZi,64
W84Lw7FYVOL8tFrx,64
f8QIolG5Xe3f2ZYp,64
VbZcY4RkcIKyFzVc,64
P9tEpZZRztDeSdkC,57
9wdssHO7eGmXOlWg,57
G8Lbj4koER0KdcT0,57
2ozi1Own8zA4ADUC,57
7AjOpUt60TfQMKRy,57
fsGQONvf08WpRtoZ,57
EnSU1hjHkeOgYelz,57
CoUUBxj5EfFlDl03,57
maPDcMdzp57pydiF,6
Yid6ZCdtNOBegRdJ,6
BayKI3G7iytIBi9V,6
J3ZY5fFgDuk7sker,6
aqTw9otCG3kCDQiu,6
nHG8uqzC6WToOtUF,6
dp8N7j310savSZht,6
VC4fyNsDO9j3kOZ7,6
3NyZ0vCSVx2mWPFY,24
4djkWNdRfrCQBFMC,24
C0BJGnJUYzHLYHjw,24
AMQB9QlyeAJq0wvk,24
jlLJjhbNXmxOWjt5,24
JesQeqgmULF8vwiQ,24
ejDLHm5h4lWWqiJR,24
UL8ikhp4e6Ec55fN,24
3Q3jk3jlXTdAttUX,28
Np9cR4uy6Y8hyqIU,28
OkjmIPbenQC9clb2,28
ztxc2RjJlYUpgpqi,28
ggux4tiyX0W3iPRj,28
bomhHnAf3YeSmp0P,28
mUep3DpDetxco8e1,28
sb6H0XxGZGCFcs5P,28
bCnqDIE4YWoUwthr,57
HvLmggaMTeLY1m5K,57
rLcW2ctSM1dpERkM,57
FUQEsJR1UFDadEJJ,57
t69q7vZgYrY7nBFW,57
fotfkvVpPZH1S75X,57
yEPSBtKigueT63YI,57
crGEocrxhLquvVGA,57
ZAySEi2vlgtwlTB4,8
fZyQb4BQmKk9oeH7,8
HthoIQphlDBcFIXp,8
KuxK31gOkAHfocFH,8
wFDxzNUskXMHtZea,8
IpxyMLLEWhlwjXc1,8
ZfIICfPh1tHBcd3P,8
OuEGYmMT09IcmEbn,8
rs063BLUtxNXz7qJ,5
sTyVL2nCeZrDPJFw,5
6WmaDed2Ie5WBKVk,5
tXHgjWYslgfsbYJR,5
THZWM5WJ8LJFTJ52,5
f0hic7FbgHSQbSvO,5
EmgbnkOsfE2htYzE,5
CZaeT06qk4B29Qib,5
nD0ymFgvn0LWHG2u,37
8uwnh2ScFmF5elja,37
6XBathpqHldH83Zq,37
sBYwHvRVCJxz0txf,37
X9iBG63d1hHjtkku,37
WvicwIv0Pl1XRDSE,37
WyjGNFSmwgHMZykj,37
XvlEjHDVybUpjaG6,37
eZG1CxzYLlB5S5Li,9
s6HN2J1KWvNzw7sA,9
aQHPYQFW9ktqEGp1,9
ZhAsYXrTBA0GrZEg,9
j2LurOY7wQORapJ7,9
QUi3QTPXo3RN2M7o,9
1oHGkWjXggtZVvCF,9
ctrKB2ty7ejUNoKd,9
1RVuCVydhJZXHoar,0
P3BeMsw0GJEc732E,0
uSaaRnyLguxN3qlJ,0
6o0C4w7bAdzGxpyf,0
YOB1qMVWwkwqKYlb,0
MwUzVCGmj8nKSPVY,0
jlsaq14SPRnlAggI,0
fegDvq4KqsKvEPsk,0
IcNepOR6soVfBgWO,2
bvNtQfVwBFheDCun,2
YYLWa2J8KZyrX9Ly,2
JalL0RUsqS0y41i5,2
yakxcIlR15AgfWkn,2
eSC9eMR9O9e5yo7Z,2
pLl5zyMnE21azoi0,2
jC3LYWViPYtzpjb5,2
cC6ZKPmuMEGj9dCg,60
A3HYU3omvwSCaZFC,60
btXc5htjqD774Z6n,60
48MQ0jL6VMY8UJpn,60
n1oDC215ogiNEm48,60
xvDyStDxA2P2X17z,60
1vRG2yH4TcqSmMqj,60
9JvRXcUlofW9i70R,60
OJhRQ83sCjOmDnwA,45
rfsOMe2VudDAXl3O,45
Vf0sgib9T70aFqO7,45
KIOp1Y9WPWuNARA6,45
xqfxQ5PkdzOtUSWo,45
o5bo2OIsyMgRlJgx,45
ORKkWTLEdtXunH9B,45
isjAKVuE4uo1SIve,45
xpPakfrXzwQzzLmH,36
zGccciTvZEHDjM5G,36
tCBJ8f93Glz084Gm,36
qLAsM04P89Hwzbhl,36
6ErMq1Ryw1OnL1Gs,36
UDOQSw2eYIzn9B0n,36
11iuHKmFVcYPIuRH,36
IMAXPyAav6pslHfy,36
INWVUFR8NU0fCC5X,1
OKnxmKgOapGPXLeS,1
ZiZWgpelxejKZpXf,1
GwhdWP8hCtKVaDvp,1
j3m24ehi8mj7TCsX,1
SUHOikQqiZVhzIjA,1
9bVFZcBcbFr8yg1r,1
H7nLSXKRFVK1ITr1,1
uDMih4ThyivbzSZL,42
yuOHmE0mTFMTlEsU,42
XN6E32VUdTiHnJuQ,42
UpwQWMO0k03nTAgo,42
8ZMhpQyD4Qu8M8g6,42
1s8Yupy1sNKzgTdF,42
zl54SNMfCkgFs8kM,42
eNsUTM0DLAOMvIyE,42
OJtuqPDbTO1uaObw,11
yjuEwa1rkltz3qWd,11
mhHgNx3WIGoDXOQn,11
TBkSCwCcU36wNBrO,11
M9wBW3SDiQfFyYXe,11
OjZ3YibcJTPhbYbg,11
8RljdKCx8vRbzgDX,11
YYARFiOtpqQjTBYy,11
lxumDhqQ3FH9OuMy,5
JUgQhXGbQJZlKPVo,5
jnnZVmVPaxU2KgRY,5
l063vbDUyBBc7yKP,5
PT3AenHi7AYJEcNX,5
Pom37V7sjiunLo8N,5
MazVb1Mh2FXwcDvh,5
wJfMMYu3yasAyXfU,5
pVGFW0NPc1GUemR8,45
8AwC3HmCSePRxg9Y,45
uUl0TMCWNKnTqM2A,45
pyseFPAu9SKib610,45
RWUXQR1iOg5OPctY,45
ro7qE721txjtvUw1,45
d6XfPKoIVU27c66l,45
uKAotL71WbWb7fLC,45
kaACSMEscosTsS3D,27
Ahet7zqqyTPf9gL2,27
fGa0q4XicRjkmauX,27
VV5UwnA5P2GjkloN,27
9W3yiUxodnd4ir2e,27
JVJAVgXOKwRDSQB4,27
3KE4wDpnX0BJXPWl,27
spfNiCspZflABAwz,27
7Ei4U1aODW1oJ3T2,31
vlohjckhLew1bXwF,31
eventWQyxdITQAuS,31
XtSzA1aS8OyoGTY0,31
dPqW0hdkDzEtEV8W,31
QYjkphcuKiCqxlnJ,31
dqZ9oGgZDCNM4VG7,31
JoCtrXreXFkorwBX,31
bx3M3TnlqSeIoiRV,40
ZOatEE55qiuQIx9N,40
cuwMP4psiMzEQhQe,40
R6iYPb7MHFiHtXH6,40
3sxH9rFtmZzlhTmb,40
a2vobEfkl6Ac3d5J,40
IQUTEJsjQSEEvguo,40
NRC3nf5giWhLUyw9,40
BzslBC3Y4o34xeZj,16
UQtvTDQLHHK4rW5i,16
XRRpqOq44BAzgcwg,16
3wDD4BlRA4iyp8zC,16
dBKofM1BpbY2p7NM,16
DmBEKU1M4df04aiP,16
69p7rZuelMHjMPVq,16
5TTXn3gECMavptc6,16
XIMZRt7YnoPiFA2m,17
hKEIOZXLyI4eiyzA,17
6XmBlLjsuZMQIKET,17
LLuAmVR5uoXhuogp,17
cJdOKPGNYChD5oPo,17
yDOQHhRfQZ0bIZ87,17
JdAQeZUNdjipeRhz,17
cfzujCAf7oAQJetL,17
KOeFDGxdF2KkxkqX,4
yuAlAcaJaxLIbQ3h,4
Z8LokcFZ1YWTcK94,4
PAGFQarUDULAzQP2,4
qErfwW1f1BVojNuB,4
QOpmX7bZjB92Ow7V,4
cV7NRWoBFjWP8v5c,4
EQUdngFutoHbXl4C,4
BY7CP8pVWx0mJqQi,19
wEIYFw6KGuyrlbuM,19
qMBQQmXN4YiZXSsm,19
VOBXTUIBGh34hetY,19
CrpQuvnD9Mvb6SiP,19
JyvxZH143hyDwWNl,19
klGWOini4uRn1tGQ,19
ZMDkoUybjsYsBWV1,19
rp4H5pJTa7wJSk7A,17
RoG6xCT4KjHkzZjV,17
3QRn6pjkjOSX0CoS,17
b7HjDFQcuzrzh7RV,17
oPj6r0jedkYtMV0K,17
ZANKTAgUUXmhv1kT,17
2GVTk6xsn89eHnZ0,17
GjqXnDwNzHVzIRBl,17
RGhk1U3NC8ThYLiQ,53
9acI3ilidwpiVkcI,53
7ZHsmcYMGHSoNkRc,53
pW2d1LV7gleGujE5,53
TgNODagxcUgKBFM2,53
ppLPLXWGkskyzQjg,53
ovO0ctCAoK4kInXO,53
tanz0KqG2QfQhlPA,53
puiTYVFR8BZlYZwv,21
q7i5BfOXzAQArEeb,21
msrIuXCQhrjkrha9,21
0pAcgRa77LVPNKpY,21
1OQyYV09ehJBG33b,21
REsL1mjwfhqSYLDH,21
HYZAZH2isRdweAyw,21
HEbMU8OlL2vgARkJ,21
AN58NPhn9jW23OLp,25
mnXyL0hflG6LUHhk,25
Lsheu7397XAncjLu,25
zUbnjmuGteIYalNu,25
MO5lseB8OgfMw3rc,25
ckVIKetfzSh1iUJr,25
YErAYWX2JPimutA3,25
ysa9Bsfjm7S8YVPe,25
gvtuikU8BYO9FPul,23
9aQEBvblq4ekRW2a,23
BLvb21REZlvMlwcg,23
zMKau0vJu9w6FYxL,23
vxS3klyteViqy95x,23
vq3qKZ8XFNTUhl5C,23
B6XjP7K6kueJI8Uh,23
qugjl5q3tqeXGLNE,23
qAfF4vjc4ipGMF9r,64
lbTdtygujA5uqy80,64
nq4AeeHMFHFmCjHl,64
5zRUeTPWyqhCbavm,64
TBVUAtdu7OM4KEOR,64
7RlGPPe4BI8Kyaay,64
a8xYoGsr4Qqt15Y6,64
1LsMAGOsnBq0wVpH,64
TPdI4dn8HUGKOWUV,57
hWddOaByuIsGs999,57
V4lGCqOjZxAuz956,57
rNLIce5nUCBJo5AF,57
F7Ff2FSbmcwAGC6d,57
uj7Pzt6jW4VrnCtj,57
FvcrsYHZbzPpOlqr,57
NQJ8xfzwjlQHF4nu,57
YpjAEkCppj4AiCC6,40
4kJHoznTvI8dQxWn,40
UCmTes0kh1EQvyir,40
RkBY1IMdbNG2B9Rd,40
KkjuePEr3FulMrNC,40
oQW1edazs9RNntXU,40
NRsUkHKPQQUtAtkb,40
75rzCAeDbMKxhfWc,40
SL9zBwTQiNt0Hm2c,40
DCWI3Rk4cvG63OjM,40
EnUTikV903RGpAaR,40
bGXbA2Pne8UpLvNP,40
OW8LN9cCzfLhWOGh,40
VoCYS8kgnGzYvZJN,40
EHkQzt3GEhocddlv,40
mjt21n9iMJnLwriU,40
9cCJ5RJR4SAKGV13,22
RnfSxbpkgMGxWL0R,22
jIzCSPkd77jXccMv,22
Zy4Eb89rUP5ucj2p,22
dkyayq7YYDsBS9UY,22
PbN7AgFVWN7IgOCG,22
0PPIgSLnC18UBGtX,22
ZnAFa9tOkvOtRNBN,22
w7evzbKwhrUi7DEd,40
ST1nH2w8W5BhBlSD,40
lU0igyQMM4uG4yAM,40
0GpYQYyZqpV8fBFV,40
bhgU4jvOaePGz1Oc,40
X45z2YGR6He46kFL,40
3FQcedBxmzcwsYU0,40
80WGNlTG5Mh5tRn0,40
EC06U91KV2mZpop1,6
P4chgRiCnIo2fQ8H,6
oRKzLbru2nVXQL3l,6
ruh1NzFI3CFJGZcX,6
lfjerzft3TC3AHnQ,6
DnNQujp3jIx9xwJb,6
u39hfeqkUqhksSZG,6
yxCgB1YGLTBPifmj,6
NU5Mv17Kc03bfc8P,63
XujX3g08HRinUcDy,63
LtNd5vIXaEDG5EKU,63
0heCwhFpQnxJmAj5,63
UYExopv1vlBSkdiM,63
MiEx2OkmrdGFcWxA,63
5dloZHc9ze4D3sX2,63
XStGH8IjmVWF0Oju,63
LlRfPmuptTDUdwa0,24
6x6uZheB1nZMPCfs,24
teBDKuOQkPclDMX6,24
oyyigbmH36GRA0jM,24
AlJDTKW6iml1ysJF,24
3LilQldxyiPbg9QV,24
nQmK2stLS9x3obaz,24
XjuCV0kFpO8tT04A,24
TtNZPHaQ0Jt7Qg84,17
EBz2UXZYeIoay9S0,17
qWTcMzVv7Wi7RA0e,17
p0qwcM0zGuNnGczk,17
IVNDje4W6Uv4r8cy,17
Di5Y120oFRllvWLn,17
qelRraRW1qmKBHsG,17
AHUUMoprxadqgNxf,17
W8r9lhWCvhGX1XID,55
bYRLk0bwp2yubsOw,55
glh7OYQMbO2vVfJ4,55
17EGzd8T7Z4ihxKL,55
3kHzHgflUnObnHGv,55
DoDxvmRTqqMV7bih,55
xJ4ep9Hc9vColhoy,55
AOYNDeh15FMIbOGK,55
PWwZ5CUmbSywUiq5,24
XaDB8eucsjduMJQy,24
L11gpEaHwJ4C9HnE,24
e9D87KLAlm5wyNL6,24
0Tp3uhMFGX4XJgA4,24
1VRzuhRKIiu19YnW,24
vLcpd7GhKBUU21Nv,24
tcCABqiaCP5yRnjE,24
2YjzLWwIRjBQrfYJ,17
jIz3HVEOkYUP2Ojd,17
zLT5UZrUX856Ov8m,17
i6NZonvNHVrCZtkk,17
LnTGAfzOVfS7HQEZ,17
x9pBxKE2rzy7UMXG,17
Zf2tTj1d1jJzgi0j,17
e6T87shXCg58XyvE,17
3OjzxaBY0Q5ljL8l,16
ifxzSmq4Svl3Anzk,16
iZ6dtH3hYScKp69d,16
6jXh2H3x9exT8QzL,16
ERaEE8rxTrsEUS9Y,16
e4upqQSFsmM7iFaH,16
Fdt7T4Se6Efa2PnS,16
N78M3v6GKmUzF7sk,16
j8DBSkipAIpfZlEv,25
pFjgTUP3GyddmkdS,25
r7ir3YdPp0nIhaPw,25
qtpAdj0oWts2Y75i,25
XxPL1BKkQWc5zzQ9,25
7gfQ3dsaJoGqpVD2,25
xOW4Wt1RBjSe15kE,25
O4kWZMuLVIzCDESd,25
bXNXO8827HliedrZ,25
zecb2UkogQgF7REu,25
lTIZ0gVim1eimMj4,25
SMpib8fiB4SWwD29,25
Up5Js7uPpP8fLGWd,25
rTe2jJ4aqsCg43kc,25
49Y8hZ7t7sgwRlLH,25
Exy6jl792cJZ6TVP,25
pFlZH3cvf9jM70j1,25
uoCwWlwCUtZtRZ80,25
XwlpP5otmI1pUXZY,25
6jAabGcizwJKTnQq,25
BCZc0CEybtXiN6Um,25
taGghVXrqZfxClIh,25
bVsOqm5fH2TmPtpB,25
G60ly3eQ50XebPmu,25
XXVo8pxx2HGwD29j,13
UeukGvrDOVGRXeTS,13
KACX04e8SrH9bmTX,13
pw8jI2CHNFgxU5mw,13
KtSXbIWrlK5Va1AM,13
FuN7WNHVO4cRgYef,13
QczOg8vGerJ9I2VI,13
Jtc8PJLiiOEbz35K,13
iGw8dBFykxhv6Rp1,17
ec6qdyV7RjLgfICk,17
OgnbsKNw2dtp7GKR,17
xoUzi8B28rEujQ2G,17
ImvmRvqtV0XR2rmT,17
kxIlIqHXJM5fLQ40,17
NE87QeXu74dBz0Bj,17
VO8WpcESrIkQWSUa,17
XuuDAV1TBpVZtu4t,19
7jhrUxHqSgr3QHZt,19
pzETr7KDIvjqMeqh,19
4hlCUmUgFT3sRU3Q,19
2znD0YmTvgWAc7O1,19
YxLyO8KpjvKgsbXG,19
jujrl9mvjv0Vy1ca,19
3ijfGIpT0qOZRuS7,19
KFljH24u6I1SjRxJ,40
68XTQQxO8JgaswWF,40
1ZMOluz98C1N7ESX,40
GvOh4O9I6ZW0Xzlz,40
XEhx6eusUFtBNhhD,40
THBj9wz9PD3Bggkx,40
gZTYL1EmGfQU3ZRK,40
gLu3GbSabYJtgzjR,40
UYN9Yx3NPymueZXJ,4
s8iWji42Mj7wpIqe,4
KNKJBnlqxWpujCVL,4
ZUQupPMhjID9GGQq,4
iUu28y9QRMj4tUFA,4
km5oTMjgRI2GUow5,4
8UV0VUuaj5D7jF3u,4
b5vRxXTxTw87Uy0j,4
VSC9FEb3CLpmsK11,15
4wXSHorPPXrobi0L,15
EASNjYXyJK56LqCo,15
1LoCqt5P2c0oQ5Lq,15
gT7S2CnDnp1MEZOQ,15
PJbM7Q1SrblrSWt6,15
YP6Oku21gFEsOIwB,15
9WnZHqY88T78Cgvz,15
I8LB7Medjt2hKG10,62
9XAfWiN6tYpLGxiN,62
kZLBPQwB8giZdY18,62
ds2yzgNWAo3MYQNa,62
NxaNW56UrkHPeBIo,62
fk4LdCXvWMzu63NM,62
c4NtZ7rj6nGPAdlc,62
MzHQVvX9NcPLBSQt,62
2YImftXDjEBbhk5j,8
7lDBxlJMkIBys2QS,8
s4ZRrORurv2KwRAY,8
BEqypcdb6M01LGrR,8
oEmdHRDf7rWmLbmN,8
0DFBEVC6x3enGEDQ,8
qNyOLpOwEHQ9l4t1,8
2kbJzvBREwWzzeHU,8
Do9613kZhc4ERTHH,25
9buXSXJAKvaEmlgU,25
mQVgQmjTqVvi2SC8,25
tlFcfdoMobHEav6N,25
9Yyul1VsgVuFoeQG,25
qlMHylk9AKNiayAz,25
y3vKE8CoNygX7cQm,25
XRSdH1cm8ft5LV5K,25
msOTKPhl1nkhyQRa,57
vKzcNrxrQqYPZXMa,57
vhlwMTkRDlY9LezM,57
3T8vpteNv3WiYWGW,57
AtCiuSrSoSKV3lsv,57
Opq31fbBxXD05iNU,57
XBolZ9SHDdJp62hD,57
ySXS1iixqMj7coAY,57
2Pxh4b0BrcFc9DHn,13
e75E38DWZci4jQnJ,13
XYRMCyIhVR5yX6a1,13
AG4l1kGDKuTzetXf,13
2BJ8SFYoT2VdsxfM,13
auytbZ5KKx2e9lmO,13
DrK1dDNCFLBe9kbJ,13
xwYwMSZX7nx3vGGe,13
pRlbKgqSaeBNmoWZ,4
qfrrFrPnUi7V3HVh,4
jP8UlChLQ0kAbWi7,4
2uXhwofies5eR2oT,4
QjQCogGz9JXVnTci,4
nNTsRw6RiTP9lGIS,4
rg41PsSpNebVnl8p,4
SW7TaOdDOjk649Cz,4
bQr93mpSCZaPc3K1,43
S3UKNP7OPY10G2Z0,43
OwAlLzxDwXsj0RW4,43
JmDPCOtpw6rVd9S2,43
8SW0pxCNRQ3EGAQm,43
w8ny1LcQUjyWPf9e,43
opBh4gU1p8Cf7gH4,43
dsgpzFDE9yFMxZLQ,43
rPBrSY95z3BVcpn2,31
d4qfiedDcQ2rR9ne,31
3wK1giuCntNGLK58,31
Mundfi8Tdo39pKGb,31
0XFqMaOSzcSXCiQS,31
HEJ0WPahQwCp5PN6,31
vRLYsG33GZlUeHHr,31
L1LR1r9kArcFAbOJ,31
3ZCkKrYCBp6JaIo9,1
sbFk0Z9or8ZAgxUc,1
GWHz0OHVXA1ZvySQ,1
dw9ge8uTEMsjpH8F,1
xqsfLVcWYqmFD3ck,1
7S3dq4Ychd8teqvS,1
bE4V6crlP4ow56DX,1
yiB41hfs9jqnYAQi,1
Df4U8pt1RP853mVW,42
xbxZLBlxD2eKD5yb,42
X3YabLNZL6GBB5R7,42
gwDKldJlQpYByf1T,42
nm6tJae12v3oCVpx,42
16e55iHtdnopLWLE,42
kHaLisghwau0bPN9,42
XGeUUg5qPoDsqDdg,42
nDoeQ0rPNxce4nAt,22
QEDO9rMQavcPN8Cu,22
APJMGJUc4FCwE3O7,22
6hylUeJPmRpWR0oL,22
dNOQ7N6EQFbaIJAa,22
tbsyltEIBRUmYw1C,22
RFqJwRN2Kszre9Gm,22
VhMl6LVjQCxZlqYS,22
Xejl0WsGNYcuyEcG,2
9GpGG5k6a6TeuhrL,2
37E5BATnl2FQLSTd,2
gHqA1DLdJDEZSoEn,2
Vzg5jk3j6IPpPTOb,2
I1af7W2pkAFEn3z5,2
skjRDf4Of8To4nZR,2
TD9rf9ReTOsHyR47,2
xXcaTMlqrMTOlH8C,40
CcLxUif6suVAlmiY,40
Vyq37KAnllxfF1tY,40
yEHt0ntRcF19SndC,40
u5IfijoySjTneAAv,40
A1QQdem0WGjUrflC,40
y5SvHcsBWrS8NIKY,40
EjBHn3N8xcXDVSbw,40
V7pi6arZR8rfpXIs,36
qlri5n1JPoLCkHpp,36
uyr0Yzxh7KmLIlRX,36
29IotFQ5CVcwfaP0,36
XqV5OM8HpKeb9nla,36
VYFQGk6lea1kOf4F,36
cdPxsnBqvNZ4WDcg,36
j5P0RRt8vztefLNk,36
QH8gKPh45OKsJ06R,55
TXyLhv8XEnTqMq4m,55
auSaTvnDKYu5oJey,55
GjteTqbIfCciHqBe,55
NQkBsbunTjO0CmP9,55
bNAsFtiMOmizHpUt,55
LobYyQZqUy4hs8mG,55
MwFs6Wtw7Trb2BL8,55
SZdxKEnW7BrVSXlr,25
Fwg9lqEBraadyHCv,25
z1uffJgR4uGnV9CY,25
R1uViiAitMYfviRH,25
sJaRUTJxYwD3Gcak,25
tqRqYGyvDrmb5zj0,25
yOFIIsuE37o20j6e,25
dPbGExFXvDvg8Snh,25
q69wZ5I5ZGaTWLEh,64
prlZ86ciY21iiRSo,64
1IBeZ421t05ilM5o,64
RUoYv1AfhJGSWja9,64
vSAFYSzDCA5eL3vi,64
AzdQ1Y6mb7KIdw8f,64
Mu3q1uOG2qUt6AwD,64
oXHyC6Ct3LBtKNdN,64
JNBBFAduYBqka0Y7,19
OuptI0Bsc2gd8tQ9,19
q3uPcTOiqbXxpCFk,19
BHew23WKtXD5SqXD,19
COF7FrxK3lxs4Thi,19
Qf7kG5FR0LrYkMQB,19
BuM3VCVtq1WkwjyQ,19
qsgb75V3Rk6UoYGE,19
xiVS42zcHPIwmlMZ,2
IgAEcrBJSBeefq48,2
nSdanAaCiipucjVP,2
Ojj6uX95vgCZre1M,2
9ae8JUPDyXS3Mk1C,2
Df05Zk1Auy9wy26S,2
kqDffZCJGERWXwaU,2
XEhKI7wvRtzdO9Pf,2
4Py29m6mVVaSI0mm,57
6EtdIS453FF3iecC,57
cLOVrvJExKwdGSlw,57
BH8T470otO2f8tAX,57
jiqx4LpoqZtfKzK6,57
CWX4uIjzHiUPNxdI,57
MMrz6M319zzRMp3T,57
5hLE76qPbcvAqmv4,57
y9ettYz4ylFBnUna,3
hwnxLDDhdQdhh8vP,3
65jDI4xojsOUl99y,3
9e3BFMnceq6Ifgza,3
ggKvBPPXVM6ztBb9,3
8WRAnp0vSrlaT5vb,3
BZsYTf8BnHivfgE2,3
9MzXubOrYCFowJ8y,3
zmjkSQH1SVVb9fkA,21
Lc67u18NryL7TMHW,21
lB45GZDqr2RP4RFd,21
B3LF272aHYwAW2Cu,21
ib10LmS2x9wUy1Ye,21
KCqrk0do3UzdEI6X,21
tRD66zb6Fu2fZkfd,21
KJEYpxTGFlD9kNM4,21
0lz6epqbSN3Eof3i,29
oRldxGZyKKCk5r6x,29
UOgcxLnMrURIguaX,29
pIQHhKd6hgW82r06,29
0wm1HqLu4ThzUoZj,29
6LbgMnZuGTXVGYLT,29
5SqgTBDyjgZIFVsp,29
fvHJi4UUe1H39D9c,29
r7VJrwvUvTQPEy81,30
VmfbvwCFeQc7nRdQ,30
sRPnjJlo4MemiQTe,30
eljuMcZ9LYSvyzWI,30
GkGgCLrFEKwa26Zc,30
ntB4yKk71xqJfiWf,30
ntPunwpG7SeeSvFw,30
g6x6qG6aMrcPrPEz,30
jq6tz2NHrwKINUbM,36
RRxTIJunZDLHlhUU,36
lstgZJk54jkAhI6N,36
HYRx8bCjXaTZH8ef,36
USsilUa8S8Kz2X9K,36
HnyADvkxtUuX8KMf,36
VLSw3TNOBkNiYn0n,36
OK6oTLNp00pFKE4b,36
Jq2WcfhGtx9IkB8Q,45
0AVFWH3x0dGYketT,45
nRXVpa3NBF7mMCNG,45
DQWJl4bOTH3lKFnQ,45
sqn0kVXKZYALfqjk,45
0uBeAe2LDmJqYq9X,45
ModMWfT9r71Od6gR,45
Y8q5eGRNcW8Qiss8,45
PPMTvjiJTEPRufia,15
PABzZFZd1Hd6GxbK,15
vr8RbWnLaMGq9RyH,15
RMdJncAONlxdSTLW,15
euYlcqNMGcZLtP1M,15
fdoxzxFrPJdJ6tmF,15
3lSgDEOX5mvP8W7f,15
APmOaxyMvP9PWA6l,15
1bga6jWiiUhkSzJ1,40
w2SeLJdCa1XR5iDU,40
wsD1jQ5WdsFqY1ti,40
4BOXvhynMhDkEgXv,40
WKyEa8wtWy2591AI,40
WSlmnVErULWHMsg1,40
dolcEqkTDBh57FcC,40
kN4Ixhsr1JzKJocx,40
rlnNnuSqn6Wo0O4D,24
cXcUcqwnL68TJbrS,24
Mqjf9xk8KhaTHBX6,24
76MzbQm7n7slM61X,24
r9dIh2iSpvBoZfzF,24
0yzdjCgzJLlDH5OJ,24
kIvmIzm3gauOcuZl,24
bGQWFIHtTEC2KIG6,24
JCvY3E97yfFzxRFk,2
ne0uZN6X5NHUD8wh,2
Snya2vORqM6s5B46,2
IpUJuaGVnpkEgbtu,2
KP4J42f1Mtae36Wr,2
xZFuryblCoqPew5f,2
9dj4ZPfPQFC4seDq,2
I61wKPcFqjMrftjQ,2
rxXp1JPedNETNtg9,23
A0FOd3p5MonyC2RF,23
CHi1Ds6hTT62hC4B,23
NqkzLskbnTSLIR9Q,23
c4scbsTAq2wqNDyH,23
4FDahhRvtRNg19DR,23
ODIlyY41BgiHCSuG,23
GD1NmcK7jRxl2nMd,23
wof8rRYnr5llcF0c,40
9YRu9JdaVqmN3X33,40
KIWQqJH0sSbiXXe3,40
yKZgZHtxrrg3RZLI,40
uHagaJ5PJ4R0AFMF,40
BIJxs2YuQvpX3ORz,40
3X8XLgUVSy8Pq3OO,40
CjuUcIPtu0UVlt7b,40
67aCyQIfCPacBIe5,17
joPD57E6xAFEN7r7,17
xEqGh8DbayZAz92g,17
p3bhTzdtNV8HBa08,17
jYXRd00TByCBzusP,17
6SVyPySNfbd5W412,17
sIT2zuknXcIasu1n,17
DsvZ7m0DhsCp91jc,17
148GoWNoan9NWwpM,25
xCVjCMXcQ7GXmXnU,25
t6ltJZD0pLAkyiwM,25
pG6SDBl3f6w5ETFZ,25
ZCIugzN076LrXNEc,25
N4IuDZuixyOnFq86,25
7U6gZs4HH3ZhwQW1,25
sbRLoaNNWNIBGMfM,25
kKylVAokTEnk9q8o,55
3COir8VRRrXF7TM0,55
lD86mhBbp1wdjSt5,55
xkxwnQrS7RPeMOkI,55
WvRMZ0cyEWnKAntR,55
ESinjOrHCAp8lNSc,55
kWhC844wHGV7oKCG,55
hPRgPskKL6MrGhsh,55
KNLjDvknC5gb4aUj,25
1wiG5k9iT8ZWyg1K,25
FEDa5UEwbgmKPRNn,25
zPFZuMVMRpc7beo4,25
voqbaSelRCBVS64k,25
EFxKnxYJBen1XtfF,25
F4RHudZS46CH3P3B,25
jwPso64RyR4T05hF,25
sZDZiwrlBws4eBVZ,55
pNMVEq12VgJwA3pa,55
eNeHAUkUmpMXWl1l,55
YRXwkzhuHD86HNT6,55
UPDVV4FokZzsp8bK,55
0U9WVefldiEnb11P,55
rlkjM8EvGLeCdZT4,55
s2MsNg2IwhtVDwB8,55
u2GmKpt49cHoxrO0,64
7oPYu2dmzIChuOWz,64
0sh6VmDlDEQ5yHxE,64
veRn1vmHOPgrGPnE,64
buiofUS8irrEm9fw,64
4Qz2qjTvIwzi6yg2,64
5sFX4xspPfGIzYtx,64
OfuQgiRM8vrxWZJM,64
imjJw6qgqi7kA0oO,1
XnmyTHMXyda6GmrD,1
7s4catKMg7vsDPIH,1
MWYWih3ZxecP8MJ1,1
PuDCCRnGEY59YVkQ,1
5uF3MIflmG9DJ7Tb,1
vA5PxE8sNbkxcs7j,1
BaYTvwbHPbPcv16d,1
onoiFNXJVZ8UJ8iZ,2
ftCq5R12ClNKdTwx,2
WbWUD9VaX1QumiRz,2
tOjgQGfuqqXFJGLn,2
BlRLQyfXNsZpTefr,2
8AEEISYk9SBw6SKy,2
aMaN6h88wmG0O3Ab,2
8Qe2wC27oQOAHvaP,2
jnFs8dFEKrpo1lWu,45
k15qV1Sfsbydk2KX,45
h2p7yJUvlIPmaRBf,45
4sOpnMYO1vl4PZFx,45
czgP2A9uaOq9S3Fl,45
bAYgzUIjsKELOpNM,45
penyQ9dAPi47i1Lb,45
z0XzFCRbN3RxjeG6,45
DX6jCOyJkMCWug7r,21
JclfPGRJ7NobyoWw,21
ANK6BSVoIFYrsE4F,21
UdLEkHOUNX1yj0Rp,21
sCHwoLcDGNvBCDBA,21
kjsHRnZN8TxHMqED,21
DzEdkxt9ygAGq6sr,21
7eGjxzMzeLif8jPT,21
NMIsYI3b8ki56c2v,43
wXKNACbyMleNv0IC,43
dCixtrvUjEJAedMv,43
otGSflslVXzBsErj,43
mWB9qX6WUwGTFOSx,43
IsoozHEv1bLiWAmk,43
J4x1A16zD9W45cyo,43
v13ARsvintlGztXZ,43
tufJDaxmsKYtVNpD,4
98elRyfqNSOYMnQz,4
pKSYxuDQ6f8sZlfY,4
z3LF3YVTTikmkslc,4
d9LxBmleE1sPcbTo,4
OUq92PlJ8EF47pHm,4
QYGDQDZeRUB87KLg,4
WCiBqTYnMnm2a6tU,4
zfmS5d1CVZpZNG9C,13
M1wF2LuWweK9P0jq,13
DPsYv0RW59CVFE6s,13
xlsGohMzIVAn47Aq,13
wsi7QIOqPYTlwOeg,13
bDk3xqZwUmMBcfWB,13
VSeVo1Q76XFJXDyu,13
cf143agQ48sKkAke,13
qrnDdzUyfIWC1P92,64
bCE0UdsZz10UXcxz,64
xqVbwYewpUQOgXLV,64
EG5bhQ7Il9brYnp1,64
A2lpTywdszc8jA6P,64
JMBlXjRtNtO7DAqP,64
WYOvdBMQEI5kdKLV,64
s6xHicEjZgzl1rCS,64
yIpUq7NBbrCGtjeC,14
yLAsxW8PGM5WlqRt,14
ECJo1rCf9VaAlQIo,14
fn5XUXecqvcjwXJQ,14
oOpKdBkEN2VINP4v,14
MmZJZmCpMz7uVkt5,14
tzQPxC5HChpoevbL,14
OhbVrpoiVgRV5IfL,14
kk0JN8rBzvlCWvU3,57
xOgQ4R9OWOuGIIzo,57
WFsBqumW7og8BW3r,57
JJQXnsecoqfrfmWe,57
fKKE01yCwLVTHmQm,57
twBcwQMYx0zntp7W,57
iVqUZJW6l8R5vPfo,57
h62ysfYeMN2fSmBx,57
iFPHKbk2DBqxhmaR,11
ntJ8UoHMouQQM6xP,11
upH1gx2fIkFj3RmW,11
f7JWK1HEvxFL3QI2,11
h0bSm2bnEPjPpB1O,11
bGWsFbQTSAJecmLc,11
KjptN4xirXuCdveu,11
wd0BGJlBKgFO2FBW,11
KO2k1gCDKdxujJ3B,40
tvgRo3Z7BozWwUMa,40
540y3NCvDv2YxqzY,40
0JyWVVHSH9E8N9kr,40
GFJbP9EWpEzQORZE,40
xgfTQzv0SXYeBaIz,40
zVa0H7MAcfby85B3,40
3duQasRWuMWyO2gN,40
114nzU7XAM7nmiFB,11
URzF35gxkcEDPgU8,11
KSoKgSeEhF8q2Tab,11
VqlG0AQAMdzlufuF,11
nyXJ7Vqx9CC9zaUc,11
STzzzgoU04SrFnkY,11
SiBSBJihCh5N5xwm,11
hxcWILug6sySoYP7,11
iiQvY9dftYXjZwDz,41
VmrEALeZiP1Y6nF9,41
yovfBGvjPjrDzVEx,41
wCFGH1hETIR0I5sC,41
NWc2ehWnqItnoKgm,41
KuNTsXOuYLiTehTJ,41
b7NCryXe9NeUOQDF,41
dG5rP4H7lSaCkEej,41
Z4R7IsiBH3x1hF9L,55
rCYduDSOqXYknJX3,55
nvIX2ptLkT4ymJLX,55
QmMjkMOxcfTRQ87t,55
R0NHAtbNqzzxZ0rK,55
2OGnY9jxIkYpI8B9,55
p7eThK8uN965960O,55
UC6BfBqworx6qEkk,55
giUQfjte8mKpWTB5,38
zFqR3L87KNdjd0oQ,38
gNSav5n4F15yMnkU,38
IlPuVdIbd9tymw9I,38
eQYfd8CWpwhiJMAl,38
8H2ITJSWZhAD6eh0,38
t1aVuqx1GBBhHjsW,38
Lo17KAICfGBYQFeE,38
7sajZ21mmHA6IBbG,4
BlnVS9GQLMsLK6hN,4
eQQ3IQx58TBpuia3,4
hSFPDAAww1IBHWvh,4
Xf53GrwovECETF4H,4
mg6tupUAvgmn6H9B,4
YpoQ37N3votJffau,4
U7aZFNSmheajM4hH,4
Lu1RYgcamUXbD1Wz,1
riOtNIfGPkL8LjkQ,1
AxPtnzjEgIPCt519,1
h6K4p3CNd3kkPV5M,1
PiLIRZm3itST5H6i,1
Y1oYwoioBBfGwcEz,1
YmlajOc1YpkzuaKE,1
ZVVp7BnjglnrCAq3,1
JDOK60RkT379FsR1,17
b0h4Wr6FAqXjFG0Z,17
PM9Cego1hxZWSAZH,17
fw7lp5IzCyEmIXQl,17
zAUguBuQqx9jR7Ee,17
9yvlFSFx7ZHrZfUB,17
mWwqCOfSw3q3np7O,17
2KulvEqEEErpCOkf,17
0DTMbt1OZQMK9fv5,11
LduUDhK7VfWP7HOK,11
VAD5q7U25gBBimRK,11
9eddjquHX2THRWBr,11
tM5D6cpTucAFuDGN,11
6kksOgFvzeyGc5Mv,11
UL4uKVDSEkTSgyJH,11
9l5hSlqsDQ7eOD7r,11
nSVUT4xQGwlpOIz7,37
rMNmYemAFwO4Fk31,37
T74IZPeQ36gvNsJ7,37
GN5yRY49nn0EA5Vf,37
SKkYSrPZ4uSb7ue3,37
9CvovHkThbE7kJHR,37
1S9BAdOg3Xr1UUr5,37
ihad1Xoim0zxRO8P,37
ebtj2FXVLEqNmwr1,25
zaba5estdPQSD7zj,25
xgILw0jaiHsxXFAv,25
9fUvdTrpraXfalzP,25
2S5gUysMmTj3H4KY,25
LwYAWfEBQ6xvJMkj,25
BEmuQt3NatCL0WI8,25
LeHp1iS2EbcdrzAB,25
hKfKA9LKmnxpRcnO,40
NB4HmJSixjx3sncN,40
HuHf4M1n9k8O1rTj,40
fcyUXAVcVQYdl3y5,40
89P7zcSPms2WZGNF,40
yvdq90qlCeF7mNzl,40
H7apSyvEOSFqUs0M,40
J5KfNh4GYWEscu03,40
CKB6GJz8mOQfk59Y,25
sT9Md8X0lOFCam2Q,25
RnBNbzS6guTYSwcQ,25
yuGDloAptWehcqI2,25
DZmrW3qZ3vHPbQeN,25
q6zjgF4yqQm7sM3m,25
mRU6i096dnfQaBzz,25
wh4zzfKbF4zqtr5M,25
KKcKYEcduf8tawWs,54
WYYOoWYNXmpGmUmH,54
i3TzlY3xODTOa3Oe,54
M2tYuBGVbtrDmgqP,54
Rz2FDwjEXaChj4CK,54
XjXPcxrzrDPZ6vt1,54
syVe0NKvUpKrA4YF,54
zWgUa9oCUAnWkLsa,54
OgKEf6IPNVRaheld,30
gSXt2RMZhYKYcwIB,30
2JudIfOqm6l1lTKG,30
7RjZGxVckf448wuU,30
IMJvEoKbI5o17RTv,30
uxKzFbF0hBWN1qqJ,30
Xhf29bJraRpNbVKl,30
JscFzFGLUN7R503F,30
s28IDBKUKXHqk9yD,27
nzB2pspNZkvkMuLy,27
NWyuJVscjSKpDAqu,27
FEz35iQHIZ9nA7pB,27
bOI6uZuHCjnvFGsW,27
zQSrZsP0fXhgQTNF,27
woAgiCzLGCzlX3kY,27
WL4KziGK98paXPlJ,27
sZQ7QjtkQ4xnAMbL,13
toObHFUJa1SnCHl7,13
S6yTsKDfNACRbAR4,13
jmVKhLTfIqzv7x3d,13
3xcJOXyKiQ1iD283,13
aEtfO1mvKORAAvpp,13
wzfJXuFNdztSDF2P,13
woV3tAY4vxqLsD2h,13
OHnq7mr0KnApuBHd,59
7D0RFhoTnm830Yrs,59
dGNYoOwfTS34omVW,59
6I0TMTkE9dURrDlm,59
XUA0j3jLtKmJfCpu,59
o5CqFzDTDx4nDiA9,59
GhoijlwDxbqeikAz,59
k0DWB7p2ol2J4n43,59
BTbk77u5yXroUqQE,56
KifBtcdzKVUWH70X,56
utGWhpJzyXyTEwt1,56
MpDLqM2NKu23k7lu,56
wJxLo0wGdSn8QV7O,56
WHjio81dPB54siVe,56
9Vg8WnOnqQfkplJe,56
SqmwXVUhg5diyNnK,56
0pTrAB9K1tq6FYnS,25
xwp4hCvuZaqz1gBh,25
yFRbgVWfzCGhhZB7,25
xAB86eNAZzUDRyYa,25
TtFzl8vV3RmMxcXg,25
OfLougfEQ57tw1wu,25
F3keWFupvrdGoJPy,25
Ym52Rv7MP6B1iCHp,25
hhyzgi6lchNUcCiU,25
RG5s0f4GlIO78Aur,25
WQDQfvJci37NaVKb,25
Yq54XCcVRGgagrHS,25
uJExju1UyJbOBPuz,25
uqN7JeJrr9aM3pI8,25
SGCXZg4aa9O0AAIM,25
Pn4INYNPCSw4ZYPz,25
5L3bEhqeyOYoRSoZ,5
G2uCGWo7RFvAQZJe,5
tcozMdant8nXiWqs,5
icFv4Q6icqzY5L6d,5
niiVoLq5ygigkTJL,5
MrDIddE0O11KlVrW,5
6O6a1V20YYH5oVmx,5
ICzejSWKCAFyjh8O,5
Ev7vcuBkqs10IfIV,15
sr3yFfVECVy7kLZz,15
xLZXpQJXY7LBCzRp,15
sMnHngJrTM84Z3Qe,15
UpNwJuTRuJuklLQt,15
HuVNG1r8qr4cJJQK,15
A2cUe9f6WNWGFW9u,15
GP88oBquqOJCxWNC,15
HggUoIymmHQpKO8l,19
9OjtR469Y3UPx98a,19
FDsTfQViFsyMlYeg,19
sWbo2UvvpnId66Qp,19
6l9h1ovTqYyNTSkj,19
iPWmH2tQy1KNdWRR,19
AtYZFxDSYcvf1W8j,19
Ypp3CcdYrULfU3QF,19
I7fDan256kRgfMka,13
m451q8QlFktCZDgh,13
5HguAFu2sh0nYvrO,13
c6UBKLZPmMMqvec8,13
NOTlft16xFsTsujd,13
pU1TO7gDyVvpMEcu,13
suaYMkQOGZz4au9k,13
GBJ0CywolBMaKF2U,13
HPvWOlCY08BG2lbK,64
lZWmq53ACO6Ng3Ok,64
gEiPmQy7GxcqUVYQ,64
marjZ0np0oSHHOWp,64
GgFMoSscz2vQkSEZ,64
or6st8qiMM8czErQ,64
spdp09SWkxcVWkFq,64
RgWKQPGfBVlx8sMM,64
lBYF2immMMaRZF2z,42
vevgJRysqU2Q96M3,42
x9hcmQJIaiFnaqjF,42
MZC9yfhWyyiXUIzB,42
gK3m6hYNjlUK8rfX,42
PjXTk9GHUMPH7XvC,42
lR7Lj8nHox79kjnD,42
PyFjlhbZ0qu37TXr,42
Vs0ckUinRP7TW9sQ,21
JY5Qoovx8wzpGxLJ,21
yaTnnrWTZYeKgZ3I,21
n6FAWJhxeWgGXXuA,21
v8eBVF8dtvcTvUN0,21
C3zJah0kAMBkv9c2,21
Fbs5fvY9uFI8OgpO,21
uF4YSfZPWrtz8Q9M,21
lU7fYkVs4saVSlLm,4
gzmjFOb9mPrKhqg3,4
uXYxL1xIkFDVdSAL,4
6bPvYAA2TKY8oFvt,4
27HMZThz0UJ3pgEg,4
UW3knVk6bn3B8yHB,4
GBuYg6OqB1AZdYYg,4
XMFgTIY72Kkq9gMu,4
bfU4V6lm5iKV7OBe,29
ybHdxwIi0RiAjWm7,29
uG4NCGRkTtiVx2Ax,29
gzpmWl4xo2Y84pTB,29
zqaHoco80CpzaBd9,29
k1X72nCGxSWCDgR4,29
dvKdrhhDQ1KO2REC,29
yMWM7gusTJl08Ead,29
zWyNM0OW9CG4qkc7,21
iAVVihsqum6EgvPc,21
YiHQMLogzaI2Duj0,21
2qdcNpQUUHa33I7U,21
j5pSJnzITPaBdYf3,21
cQKL6J1nK2FzODpH,21
CkVloXN4ZVhEWyeN,21
o7KX7MePvy6TVVUy,21
8lGd2LO84KMYDbiq,25
R6Fry5gVhVpU1KMW,25
baTY3OlGskirWgFc,25
FHXdHOGWUA6TTWBW,25
sX9K8N4FRDKfTEJO,25
dyV6PZfMsMKXLhm6,25
jXIRLu3aNdTWwLhX,25
A7BZNIbYOlXDBR4t,25
uzxpvkZrPpEXDWU8,13
pk57nExaGWnNFphD,13
NIVZ19ou1tg6UfOz,13
C2rgepkuUE8ULE88,13
kKpK12yR5IvyWViY,13
h1oa0yGP99A3lqcY,13
FDwWTjwT3PDjoe0y,13
eJDgcNQzOHuBtivW,13
MCanhcJdHnqJUaNI,44
p43kr4OIsQ6eSUU5,44
xAcjpX3hdUBtXcCX,44
pcV8GSjK9kOqOJiG,44
xXrBXDDjcweCgbDn,44
jXENNwW0up5VdlrP,44
nM9nz3Q6iEygDA60,44
7C2xfIU1mdryRMMc,44
8kVoRTYvFhuU1ZxJ,66
z6PLTV0idHlI4oZi,66
r1dHVHXv3h85PPBo,66
Jz4fqVSNJsjxc2DN,66
36AzkhiIAEVey953,66
HuvFXfZYDtMQcZxH,66
jyTYOjVyuxgfa8tC,66
tFI91ZC9bcvdvYUc,66
oFBwvqCzeCiCwE8o,29
ZVVPaZ7nTQKMwiXS,29
gEkVz95jGXap8nS4,29
W8tTDPj2Gg6io6xy,29
wWv8kWjsUWkScxMY,29
zHBNAMcc7fMk4nmf,29
KDplmTJgwsvviD98,29
au6o6wuP8GHi2n6q,29
Ru61iksVggsYjbzA,18
MaZREv0u3fv1rSvi,18
eHXjJq4nNKXCtHYy,18
3sGK90HG66bXoUgx,18
1YHqj2lEn3zV1iDU,18
IuScGN56J64MF0Fq,18
snMtxO2mPr5MFnid,18
33o5fNcUPwCDiarW,18
GEitygznamZYXspH,30
cSKdrih2DDAkWvo4,30
Aoii3sHP85gvuq83,30
frwEdBu7SI5SBXGB,30
3YWtT2uTcrAfF4px,30
jL5kxXQ8QIQl34kH,30
XJgJexw5nQLlxSGI,30
L7eton0ziLMKq4yO,30
cAiIWPKQlkmHqnx2,5
gN8qJ5Nzi68K80XI,5
blV7vY7AZQ3VZprk,5
Pf0K2YKuhDew13k9,5
8B5kpbZ9mMTeeXgr,5
kjguwKWzp6RCsnKR,5
g6gHjpmNHq0wrYzf,5
4nV8tOw4dkMuGzCW,5
2zLG0JZJsSYnNmWX,59
iEnCexRHzLJHXz3q,59
tDuwGdmcNOag7zH7,59
l0EQAaTZFsQRhtBq,59
RkqQpvdPL1FKgT7o,59
XysIsriRDpLJouUW,59
JEC02trNKktyHCQf,59
cJTod8TqqbR222wI,59
y4uO6CZklta5lQKO,19
mTy0VKTmfc442vCf,19
UMRld2RXExpS7y4S,19
nUeUuYElF05SSK06,19
jupdOYr3i2G9L4Fn,19
N26CjmzZhd1IdK4j,19
KV7WbJTGDxYrGaj3,19
glE5NMc4YIGWhfEQ,19
tXVhMBUinsQlhNjT,6
gOw35akAEvvP5gl6,6
m2vJ0ZU473onTHCG,6
MkcRThMSNfI1U0SO,6
UpkDyr7OSJoRu1XX,6
XYpz5ZAUieKxmA9I,6
qpbdzpSeKg3c0B2K,6
JnzsFi3ktxuXG6Vg,6
Q7pgXKzl396CvzSt,27
gO6QA6eQGbLZG0Wb,27
yMH37QycMgL1YP9g,27
bO9QgncZi5axXAKI,27
0Bdi1BTACzPv0kD3,27
ZIgj7KPYIHPy2PYW,27
w9A4Qhj5SKNBvbJZ,27
moorrnE6QA1EQZn9,27
4Y7jxETx0tbP95Mc,44
LDUIMQ5Q2O1e0itH,44
vXrj3Zoragyoy8gY,44
Lvc0CU5A6R7xXXuD,44
R8XpdYjnNL7oqryb,44
A9wZxXfRRUbivazB,44
Z2eMYy9p0cqvTOmc,44
AbaV1IM6jgVLYzm1,44
RSvcsROd2spn6nnW,64
9QqpCXY8tJQW63PU,64
j7uMdX7ON1QtFYKJ,64
NqRJ4Da8BPR8Pd28,64
Vi6GSbdZStQeDE5T,64
My0ALCzdVlimyrtK,64
RrIYgsc0KIZSqfUd,64
vjdAtRf7N6UZgbAg,64
hkpHTX1PWi2MRAY8,22
jyJM5oor5TGQ72BQ,22
JTsliLXyZ3W21Avg,22
KbQrml0koVcUlm0n,22
280Jo59JRJO9lTf9,22
S3NkJ5R1Zo3n66O0,22
ijmRFhIwLje3iy0O,22
KcVzW7uqdk4wNUN0,22
qduxCj27tFWDkfYo,13
yXPPcN2dGvCvoXVD,13
bVoSB9e6pmkvteOO,13
iDXxVd22E1AZ3NEW,13
nNMe9jKOFgZajX3t,13
Msau6OaqEiWAbNE3,13
XcwLLZrZsSDO4XzL,13
lgsriTCUaofjaFnv,13
YdT9WKs00ed4fblO,6
Ni8dhjp9FzmeEDtL,6
ALHUjp89XlcCkOt0,6
nJRIommgPuYQ84Ug,6
zYRwiTpMeJUJAQDz,6
KXUojTUXXUH5Lrce,6
pLFKlwwY4hgyspz9,6
qSiKl0PLh9QpiTco,6
URuJIbnKRvZ64Ywe,14
UjSSQbyL5QHcqkds,14
t0UrASljcgzvBAnO,14
nSBwPZRYsnvS9GJ1,14
fLLq60ebem5PCZif,14
4TYcHgCD04c4pHIz,14
kXXIcMZFakaMW1DL,14
BInQlEimJy17x1Aj,14
6SWprz9vsCZiiAMS,35
7S9DADWQidhMXVRf,35
Gg5opb7EorvpO51R,35
asUt1LLQF3jCIEwv,35
qYhMWpQKAayfbqD7,35
A6kS9NSmmP9Drhw7,35
Tbs70EM6qfiZ6Pp5,35
x6JKQw64SWnIhuE1,35
DD4bSMia6ChfZw1k,40
7flfT8faBYRondTf,40
JNm74xWqztzn0LIS,40
50yTdPoz2Cnnyerl,40
WyrZsvhkOu7yj8kj,40
tNUzHGfrrLNcGdn9,40
l8CbSnyKQlrVRKXj,40
ageXSAHAPsUBklxl,40
zN7PENLV9H7CSlwz,57
Py1yoqfBOpHWZ6NZ,57
cu7tGz0IEqcWPmsw,57
f12FNNKmltSlc4ks,57
zBqPlEpI7TBOM2z1,57
WIRPtCHUrGmZaoqH,57
ci0TV5q5lYJBeE1S,57
35qNjZwqOmtTv0cj,57
6Qx3gbs34PyoyGTg,35
w41jGxUP98J3NGzG,35
6TYkTUhfhTCOxfHT,35
fgkXxGbttS4odzuR,35
FHG7GCU4ywBS6NN1,35
99oICXJ4dVXY58Tu,35
mgMCJ0LNM69dffZr,35
4fgZU3mJya7rE1Lr,35
XV6n8iWFQH9zzH2B,29
rArRxucDRj5HpgWa,29
XrinnJgazc6VZGNe,29
YIR8LOsatnLpXxhz,29
WLhHuqJIdyttWi11,29
Eh21dBzhzMdoB23D,29
54aEm8ZLLlX1G1Nf,29
mMd6IDI7nQQsWFzD,29
GziX2H4Kblm41m1d,23
d75t4snl0VFahJwe,23
qFknTJDwbIkXEzHT,23
qCDqo1rKdjWSQgfQ,23
6r1Tft4kbgpr1N0Q,23
x7SQuAEZraKYldhU,23
wCJDmEY8Ifv4Ah14,23
F3tXMXZsBStvOrPd,23
3vaz098miVDY18d7,25
0aJY5MmeUQLNjuQ0,25
Cqslcuqd79Ox5f56,25
ATZy7w7SYz8j2ire,25
2NVzNO5gbW69W48I,25
hMZZ6CGxXETv2Ixh,25
pSwSJAZ6VNdQ655e,25
zv90WTRrFyoZeBMf,25
Sq9NjdoeEOwNequa,14
VO21eVMkK6yYPNjh,14
BCKdGWE6U6bPhHEk,14
Go5yxAEaDOgLOSaw,14
bRwiy8MOzm07A7tk,14
YwshaF7RjDRjH9sN,14
cy7sbdrCs8HzDMt4,14
zRqAVHYvO7RvVhKb,14
ZiITMkcEXPsROvLw,59
j6AcIyWMUHkkgaw5,59
EWp9oeq7xryUVSfx,59
XNt6oft5KThqk6ew,59
RRNWVqQPkdsfzshw,59
rWty69pfjUHRrYiR,59
qJ710OOaI4SGTB4S,59
njasp9b2NE1CAJJK,59
hw0y0Mwyl1XZSahD,53
HWLoLuYn7bKAKZcA,53
umLHe043IINRc1CV,53
6btTkYqcWUjvvvs6,53
c86xUC5kFxBjZ453,53
ULr8XgotFvdKH5HL,53
8CcsjqeAUKQGhsj3,53
Xm4tfcIvyUUV4iHI,53
d97kwy9Ydcshm5gA,7
705O7VrjXmgilbWN,7
NhigzxYvJ8xWjmMG,7
xjTeM1SRykYznnuw,7
JJH5OKhEHRQPFYNe,7
xHKVc0qg7H2OkX3G,7
UfYEYQNekGyW4PWG,7
PQdfn0i4L5WOZaWj,7
Xmv7RLL129SILBPl,4
hx3bcgefoNgvtH9a,4
tXu9omYGZMbBip2Y,4
sWVYCoIpt9ZYE51m,4
qnW8puo8BDxRCREF,4
oF7ZFBBxMN4wNMck,4
ufWSnNbalLSwceYV,4
YBaHhzYrXg8S4JXa,4
cgHXQVtbKWtO5num,17
x7mCaoVbWrR6Twmf,17
hVrPXG7vv5lqvZ3F,17
kPkV28rgSNH4Y1Uo,17
pYoI3weuDBsVAFcP,17
NSLqdxoMTea76nPF,17
pvc9AiedHsceu3E2,17
Jw7OQBmnEwK3GSUr,17
jseNQND294DUffHa,9
jutAafJ5Mf99YhnZ,9
82mvtOuzWerUo2hw,9
mr2Tuv1CMNMb6cEl,9
ObmAo8tHCqvgiZVy,9
mpu5A2P6nyMTW15m,9
kdmH1TvLprYcf1xn,9
07XIMeVcLOC43CNC,9
ikA6SEyeFtPCLarZ,55
pTGrA7IKxccKETxh,55
5OOq9SHy94KQYyY7,55
KQP0GMkA0juYByb9,55
UU7WPdZZtEcX37xS,55
s3QiiaePbjU4FQBi,55
dr2pGIv5Uj33HCe2,55
qQb7kITN4Sr5tnJ7,55
2Z8pnVcCXbyAAR5F,24
rebdTSFSL1TrgKnk,24
fIuNZkbAnb2qhywi,24
NOfaAxCp4Zu2fEtv,24
4yZREsb0Y9YSvnyi,24
qomJvZp4iU99s8D9,24
3Jd9swbwkfejWd1n,24
KeBbN1eften1hL5W,24
CRsjVZSijMs2yqOo,31
h2R9mjajbzfSnNZO,31
fkgRJlc0SMFblme6,31
HTQfHh6gZ9MNrlJh,31
l3cmgFmgcKP1yQFH,31
LFoLBQrgX0TFJM1K,31
VuSbNCLXnqR4r3ie,31
j69inCHPIPEdvQI2,31
U8LVwQbftmErP3VG,12
Hpbi7Ib2eb5tgNs6,12
y87I77YXxaEedYw8,12
FhDr4mbP9BZJ9JhY,12
n7KPL9l917bulljK,12
zrpTs5oyM4E9bR7K,12
aD3SzU147ibMh3Hr,12
gbIcQ6ecZn0bkl4g,12
l4xQdxIpopq8m80c,4
gfJDEHzpqOersJ5E,4
eQfb4hUuGtxzC1o9,4
rhTVeFdGjKjidLj0,4
SSRwj26r6fQ8BM0q,4
vuzXkBdzWcQ7Pj5K,4
eWB1JesEihS3rvHA,4
qAgNY1M73l7qdyxO,4
pCLLIEaHb3ZS2vpG,6
sehA3rnrWSlt9QT1,6
m5UbUbjPg2toyAuW,6
9kgdxnPmBV4xerAP,6
Z6EiolVSRmaaEaJA,6
HfOYQS2TRfhUooYE,6
C9K4ImPGDT7fQpvw,6
lXywuFBESAMYOviZ,6
yTWmHPezrpjRejSz,17
KZTVjVqEg9wEXuA5,17
U1KWodXFqAtVv1jc,17
OgAZKYjCwNkFtA7d,17
D4NdO18uVJ0pdqEa,17
R8xqGDtHEcvzyjob,17
WC9VbFYSLIUOBzR7,17
LJcc3wTxFT9n031m,17
J7FZ3a98BRG7UiEF,42
MH9Wr7FEWvMBvxR4,42
kDaQjm4lttflp2nB,42
ZrwZjN15lBC381BN,42
KlyPyxLP51eHqy6o,42
ueT7zFzXUCazmAOo,42
Nkho8hB08VJliyPd,42
pYau2kXrG0bGG5dz,42
IUM1u6t3dwIsQEqp,49
bZwxYanfxUHGDJuc,49
1NUV8e9YtVPQo2c3,49
YAVMsUxqfQR1KZ4h,49
ViUcPo6dyL1x8eBu,49
V0FccxjiMfHrwD51,49
b2nLtjLaqxUGV3Hz,49
DhHiFWxTsJUcfuFh,49
cYe2z3PkTdVPzTpD,5
9nePCK8XoeYQnPt0,5
6JCca0D91NsPkad7,5
ZZdAR6plUpBut5ag,5
crAhhCkMuLypKbsb,5
30PyrOPCxahhfhFP,5
YlBIWy3Rfjav87TL,5
cFTCJsISFmKlIwuU,5
mzveuvMFnSVEhrDc,15
mR24Tr9zgLYXLtkY,15
g1CakP8AQ3EhMKye,15
t58smyJCfQUO025y,15
kR1wiT2ugzhGuFxN,15
ZBVJjAhegVsDy75k,15
SqEFJ5IqaCaZSSMr,15
pRM6LJW1hjE2rUnM,15
VVIZM5oForBFbyvQ,14
13h6IcSjyRyOLZh6,14
l2jg81lYexVsGQ64,14
nDdGD05I2kgfAd1k,14
r8fVtHvd5XkRSDQ6,14
5uGrWvBjEg5PmDdO,14
JSksWWLlka0YlG9Q,14
y0qX93InnWnB2CRK,14
Whswh4mCrQ4aXiIP,6
iNpUUWp8zUK39Gnj,6
8tEAUvCYPSashjd4,6
TkXLDVTuKfT2r61t,6
aoscld96F3oBeFtu,6
laBNyxyNmlxQ6MAZ,6
gASAKtAb4i9Oek69,6
P8LxYNfU5Z7NbvpW,6
WivHrN13bDm2tjco,1
KdoYyoQH98xErmoM,1
aXmtMHirZ8z4JM6O,1
QlEWkrsPNxlcCyKL,1
z8BhongwulazPuay,1
T1q6KGtToB7krfHy,1
s5t2kTT7SOlYxGoh,1
At9rSOKh69umYjUh,1
g3MD4XDApGxG7zTZ,17
VeEty3Mc38kLV9Hn,17
v9BJ57z06xkt8cyj,17
kjcw3052hnxzp27U,17
24pmw30MZOGPqId1,17
F11cuBXGia2Kji23,17
X6rKyqYLpctBsZdd,17
6ngD8l5oTueTnFnK,17
HOB6EEZcBBFiSfMU,29
TL99t1Mw8fyRUvNL,29
aqypCWr9vtLUKaqP,29
3sJrMg5dku8WylwZ,29
9axRDdXlpVSE2EZU,29
gt9vOLbWeYhdCLFQ,29
JNP2IGx6PkqK9RLe,29
98xFqctb8XxkVQSF,29
eKfJXhIkZG22fK7D,29
xndf85l6oVLJXq0F,29
dhyxDNcxxlPJTeJT,29
yXqQdrf7jObOL3gh,29
nUoxp6a47WdtNSZL,29
ujq1PJepvpFy4rkN,29
OvbXV946cT5L2fSx,29
XqfD3c0ys8Oykw8W,29
8rgKAkpPXok5BbVP,37
42YP1QnJp3bRFDv3,37
sawYdJwaQfTpRrEO,37
YbLF36erPdJAmpln,37
kG2FiZcneMx1thM5,37
7jBbNmf3dyAHtSOo,37
TLcJtwqHYjyiCE5n,37
Ep7XOjODFkBXrIPI,37
fBZpq2PTo2Rco8gd,25
Rfjicl9WevPgiPRG,25
eHKaNPkCwUnOVj6A,25
gGXi0ZbP0Fa6zyTW,25
7BLno0YxfO1QuVGI,25
dAzOx3yB1d21xbwN,25
XIFI1G3tlZYbWVYQ,25
xpMQh6zdPF0Eadsa,25
wx8t1eB82PtoSfPP,43
GNlm2LOOjohizcrm,43
AiMUEU7nKQ0IPX4H,43
1NYoYYtirPO2jsay,43
zqNBDtgLNfzcuT5R,43
WoR1KxfyO5ycoUkQ,43
H857L596Lv4Ck1MI,43
G0JY1qL5SUuMe2ly,43
71uVMT3MrDuQESBn,6
8cCh6gN3sFudQ8Xw,6
kXCBCqNUYbythYj6,6
LtK0F9624Q5liVd8,6
zIfY4PPeIb510QCR,6
4v8ljMY0nliKDQRl,6
QYlFnDLwDjoHUOgB,6
dhReAHIbNUkU7uxc,6
vsVAVmvhDuFnuWe0,56
fmGcACgpdDTovfd0,56
Izfwo4nQvvxsn8WN,56
DoCgLHZTPOxW7RRh,56
vRMEm8wGy9E31061,56
7QUTqAN28hrkTGta,56
K994HGIwPRbfcxxY,56
ttjajkZqSJjqII1z,56
vCaqnpSewqYgUady,43
4IDUX9g16EPOSFu0,43
yBmKwx5O0eCk4c9G,43
maBFo4aUQIoZdoJ5,43
3yxEhv5zWT2to5H3,43
RUT8sy3VsPkdgGgW,43
pfQo1Rk0NIJ35DfY,43
QBptvWq3587sVotT,43
yhoWBp0GQuiDFIKw,3
udO0a0woU9rlqbIQ,3
NedVWfKopxWmINli,3
PPgdzUvZ3gpmmICi,3
76DvW4KJYICu2K3l,3
pDlThTpkOMWceyia,3
hocBeaMWj54igzJL,3
Z5MPAtF8kAHQt2VF,3
Ze7TDLIMTNrHH66w,8
2Y7Ud1xzaLPtrOz3,8
G6SmCstI4K5kmWN4,8
8A56WcB2SnYqMslN,8
7iEAfPDM0tUJbRir,8
J3JjhcaKMzIJ8ftn,8
RtN0sw4gr6FQx7qZ,8
Mc4BVuMqbfo9R13K,8
E2wmO30KzCnDNqIC,56
uaHqGukJsA7FCdoY,56
agqoGVHJLSKoCxzD,56
AW4Bcv5coTpCr6BL,56
1qmhlQZK2d2W7JDP,56
EHyu9lD6IvIwRX3U,56
E6pN7TkoUI3vPjci,56
IIFtuTS0GCfUQidO,56
PfRV9WDohymoisPo,4
BbGqHhGYPCzkaLN7,4
IzB9V7t2TzLnBvy4,4
WYhUkxAQvj6pYEnq,4
cBwSeId75e7EcsAl,4
PC5itSrXBdN8xZ9E,4
CfMMap4JrNOJ00nd,4
beFmgX7qgjEl9wLl,4
YXihu6wNMB3Eiu7B,2
o94Az7TpRpEV11xA,2
bVVhhKpYLfap92Ii,2
ceeKUqXCb5FjPOa7,2
0w5KNUgXh5FmKcYz,2
SHu0IZg2GThcsud4,2
1C9RlZ46PTW6FeIA,2
ayQaqwTUhRNNdGf1,2
7SUEVOQOpMAx7kE7,30
VhbM48YoB1aLPeLr,30
u3b4JNo5bqpfE7Js,30
XBosP1YYbKqflZTf,30
7swjLY3My7twTDtr,30
46E1O3apKBZ5M39B,30
AUTGNr3KuqkF0AV4,30
qGewAMU0JVuDSbWd,30
XwfESp9Qk3ILwfrw,2
5hPYf7Fz46fDbygn,2
muPFoSF3ql6YgR5t,2
GbgzzrI0akpBiId3,2
QiKpnXS0gnizGKmE,2
Y9GsTDYv2epVWqXc,2
eEvPnphCdiQ2w5np,2
VA3my5oeELFd4Bjn,2
t9RgSV9n66pFA7GC,11
VSh0HB1QVB9D2KOd,11
pbRmgyFSJEgLYk1A,11
raBSw7wWCJSkbVgO,11
QpO9iM9FDTrsPXso,11
gQKyaXjubNUTQjFb,11
siuiSUEPG6ymaXMd,11
UVGvkqDt3t0iamuM,11
JY58PuTT5jK3ryWL,57
A5DaidVD9OeXwmDJ,57
azPlROYpxdSr4bQ5,57
PnSZuAxgjBPLqq2I,57
Pcxkzmwedc12Zqyl,57
0UjSzyxS90zIyWkN,57
RNBSl5DBIAflFps0,57
OAGbSSJrB0MUaagv,57
VAYhFhKkJZ9eE1aD,56
uCE3ViqlRL0uZsmf,56
WfgqNjfP74ytopVs,56
COiiH1kbcQw36u3E,56
wtvN4dnq59GhNvZ3,56
Io8bxxFnDgmI22HE,56
IUFvwMO5JF7uK7Vl,56
4kGBhajHwOvW1gqp,56
WKFGgvxqjy28OcWQ,21
hTxIj3BIAIFzt5ag,21
q3Oft3cwVOIdyOEb,21
PPlOCYPiazmOtuKf,21
QXsgKYaACO5YQ3eb,21
O6lNrKRW2Bu4knYN,21
q4kxVbBZtjcDAT4I,21
rEiyj3K8cujNfG0X,21
7IoyRTyEqjH3Bas7,22
vxbSQYcrm0FvP3mV,22
JP5jNnH1qsV9chpt,22
F5QqfPIylx4yxlCc,22
EMV9gMy14NZQdM3e,22
x2ebSR0ZWMT3F96j,22
Ahic8ctFhgp4IiyD,22
W98g7gKXgYs3I4w4,22
s9Tfw7CPqVEnm0Ir,24
BBAbVSVkTadaw7mV,24
NsgJafSyRKOw6NNh,24
hJcomjtiVSzaxdGY,24
qSZKCxpE8YVOsbSZ,24
FFKBizRmG6YLy41w,24
qtU33cLzD1yjt6jJ,24
xXWTizigQPcE1sT5,24
fH6m4Bk1BqStG9IQ,17
T166DhJU0j1gO2Ik,17
7AmR54qrrnuZMyOP,17
dPod4u6iqggrWkcU,17
w43RV4s4kHGtypEU,17
8Xdu6OYd52h5NI78,17
clMu6Z9NoOKg7Fjv,17
gi3c1BbSkeiG3H6y,17
XUnCsc8YYR2xf55m,45
QuRVyODa5n6kCg8I,45
1xP4FBMh9FgBkdXs,45
4JEeD7eou8R4Mnw5,45
c9yaXO2Fyo1srnnr,45
IoI36CjYREOjvG37,45
2OdfQFZuXk2k2ELW,45
ZVpObjxibMqvkSmX,45
6GHPNDLIHD8Evsrv,17
NzoRleD5sn4YYUxC,17
HQ0PKoKTo53SPwcr,17
LdFIxS8huIBERp9r,17
uSKMA3arSnWJYFIF,17
HA1JbHZGpvHTVx5w,17
wUNf4UaoHvltj2Ey,17
rNbtGWDVowUMFxro,17
0z7Z59DyN3LPlqkC,65
7I5YYlA8ok8fHMrZ,65
Wnh8FVMwVuAmnfZG,65
TcMpwgeGChGepnuK,65
sNNyCkSCTzmnKAGb,65
4VGt1SJ3uTV7JOnm,65
7gSIGxAVzAKvtfpk,65
qQqHhFR48D8OpOA2,65
N5ETbB8PkM4Bkdgv,37
X0qJrVwrVkk5xLvv,37
d1J5GmKIjku2HChR,37
34eJBM0tG0tzRDsD,37
wwU90P0jpgjqmlMj,37
3KGV1V4fxvvfJtLw,37
zOSiFidOvVnz7S2Y,37
51AjLmd7KZPyhw3d,37
wttU1SjgxFQSIYoD,5
TPYcy4OqXINdMdQg,5
jge53Fb3Yj0uq2tY,5
av6SGXaFLeWcOZWz,5
ShpU8GFf3WyjIopw,5
WYqtPcC9BzmRtMXm,5
6sChDStSz8rGIFCf,5
iG8KbQvyBw6fJmCI,5
Oz9tea1ybokBWZCw,40
ZVLKT58OQI2Mowts,40
9QrhAFJFZRTiuWWX,40
Ua8V8v0Du2jPKzzV,40
maYQjXjJX3TlM7oZ,40
yZEitA39BmLcpkZ3,40
qUcGBXZxZslspUJl,40
oiUl0McOXb6duLau,40
Rb4vL1OWJciQBakT,54
9mkgAzx0X5zK4gcV,54
1IQ3BZVPaFSGf1Wp,54
ZNQNAyo5zvIc9Q4C,54
R2pIu3TFBVlWy31t,54
8iO3WFg3aKsEECvl,54
JHmacWLZLvriJG8D,54
A4PZcbhOWnBx4Shd,54
rHWImyiAL68AfASm,11
HoNnFFE5iVXCVhxq,11
dUX2tnyHkZEuzGqL,11
2InsqdtKzZoNV9fT,11
PuQrT7KQ0b429iKt,11
UP0tYruDR5PQq3Zt,11
AYjbsqpNC6pxLRPD,11
6vKa40bVYNQ6391U,11
WpauETXxStmDS3da,64
8xe3LmE4HqLvne1l,64
fvj7AEm0PCheaCWa,64
td8YAjp8lg1xhS91,64
EuneR10nT6yJxMmg,64
ni0Uilo2k6cJEYpH,64
9VDKtidUEWjRRiRo,64
vzKgnn4aobomqADC,64
z0pfDCZKCf2FCuhF,64
T85PtmjHWp5dZ2ZZ,64
hHuNzJKSCrPbVNwk,64
VjpvcFZ0OM1TONpE,64
h14ckzi9DczzsJM5,64
T3gCkSt5bcuYdswx,64
SFZCsbViLZU3iIzs,64
6LVP5uvmZtmmsKRD,64
uvZBztPjmNra8jOy,3
QZ4lZa4SjDxwHleq,3
ZNIAY93G9oOih7ld,3
8vVrwu3hnNXh5K9A,3
drcLwoThq5YfYLBh,3
5xWk9kubhmLt6GSP,3
BDbcMdaQq4pywOvf,3
846T0J2zEimR7ned,3
8pVEIOR0y8ktnVd0,11
PLCIN5unDEde9krK,11
0ItHi2DTkmP4b0MM,11
K5cQe9X4rTsUEmZr,11
HSFHB8bewdGTWOZo,11
nywm3Q28QpFF8rBd,11
JzAWIcVQ9v6JccdT,11
t3WPSkZ0a6Pul0Ti,11
2MRYCciepXPxxy8K,34
h9U6A6a4NRnzxNYw,34
wfibP5q8ITxaFVBB,34
ZfpxRSWNKGMG4XLC,34
z5ls99egkrhSjFj3,34
O6zqyg55jSb4NBhC,34
5W5FSWMGkLobvuFE,34
aVTe6fJsU1J6Lww9,34
Qors7XZio5ZJg1Bl,15
PpgsNe5muFCvNQtS,15
zXdnixdP0oVRSXLt,15
3vvacXumVuEY62OO,15
xe9HIGYGJby3EcOy,15
IRZ1PJjrfMTLz8iB,15
JNTDkDq4aSufqPSp,15
eXelfSHf2yD3SMmZ,15
STTTEll5jgZuwpju,43
MUeLmHEmnDcmtUlZ,43
JbFpBA7V5XTOtK9F,43
vb5ScBB5QyBrfea5,43
CDtrEoWxOnwXjtC3,43
XqBPSd9fZO3GcraY,43
hFmP9k3P70RbSHAY,43
lmbl1q6gb1RiyPY4,43
soHgfUM9M3xp32QF,35
LF0bXgoDhjrmB7wJ,35
paN6TWcDWX0qXWcU,35
EcguequVLKjbg3zB,35
963XlsHLeavPxEKK,35
EoHQ7byDN8KyDQoy,35
2e51ZE8RxlaRFRgz,35
Zqqe0TRAec5gNSD9,35
kXuSBTYEizYlbVGr,7
gAIy40YDaZHIuubz,7
SPmViU8ir3MyEnDf,7
seIKp2H7NGtzNdIS,7
qprE9NvxlFBnASWx,7
2dGWTiQjCCXvtCX1,7
ly9oRp3bIX6dY8V6,7
c2Lj59DkdNrGcUYm,7
JkquVmebUGfiqzt5,4
Hrp7PnLhs5fLTJhW,4
ngbzEjrvmbFzkt19,4
UlKTlFB6s2bur1ER,4
LMj3szBiuCBdf9mH,4
uWQSLzoBpDQUZjPA,4
r1aNILha3nLcLhkd,4
AudVzGHOUGxDTBXc,4
QMg4og8fgDXG8ygM,1
JlP2c9UFYbd35fuM,1
Jr3DGXRYD9fIe2Nm,1
KVEfCP12IxyHgDyM,1
5uVLnbmlOcDO4xBa,1
oWOcKIebP06E7KPy,1
jVMxaEAPES1eOAl9,1
jqDuvvjAD8i5dRpz,1
8rK9vd3ssp23kCg0,7
vHHSSNgBQUpEwQRP,7
ne1WJnLn03ovXjY5,7
luDC7yIL1KOSFTEZ,7
kKdTvlVZtLlkf0L3,7
MTpqQiES1gUIzz9V,7
zdvagO2TBA2FVLMU,7
Bc9G3ZuYIFsKvOeV,7
DgI4YduYOemEhCfE,36
A9JDzttIQWBFztKC,36
qOOGssDas0hSStxc,36
mWMqvmu5qzhPsCbC,36
tBL3M2yCnog2fATC,36
efq7cSV2UsiHIA8V,36
ygBzqLDabRIssYVv,36
rTIOND7IIUfQOqgS,36
5M5oR52kZsAEePTP,15
yHtAd32jimvAK56D,15
IZoWOOJLunpCyJqh,15
O7jjWrI8DbLUVJEj,15
odr6AICuazmvf4KZ,15
YVsAxBXQPxmeEdGF,15
kPUj3nUprvchvrhE,15
7RTwDwBDA9ADb6Jb,15
fnVHxtsWuCRDbjNL,64
lpR1anAayCFHEhM3,64
llVd1G8jl4dtsHsQ,64
KjT0QRO3llU9wzdy,64
PPYJ92BZooqhsfhf,64
byRhIaPUNeWVLcS2,64
Lg2HfQPu6HKKSIHz,64
PcMWlGkaz1BR84DJ,64
JovUywgX7DLZ2ZQQ,1
gkdDIcW0TbnFIf2a,1
2HF3nLE1DraUBV3p,1
3bkcIaQT7gK912kM,1
LE9SfjUUH2WXrDHf,1
6gVBMZZe0au2ocjg,1
nESgBfgxH7yBZHBh,1
ajJvgyjk7wLWp0OA,1
rZvzuCiBEzxRrfXM,4
t9DPbpsrZAOnolTs,4
zbZycsJblY71lqaA,4
FMYpONJZafXR4kk7,4
EFmywgHIrXMhNI0A,4
LSSS7AiWO4XKJ4vV,4
mrggexMX2vbpskIg,4
FvmjiTF3RN7N21FS,4
x35d6f2uroRISVZv,45
zQ2uFZs132mLAFEc,45
TC9hPEleDRnmCYTU,45
titBJr7Epjx4Y6ud,45
tT9TPrB5y2wDqnDt,45
nXZoDfDV67aIB01t,45
3xWyyUNvRDKcbRhk,45
jwGxmr58AXuI0fwn,45
gP7kGWfDFYMbZ8nO,39
BYjohYs0QvMBJQSG,39
QY0TKRiTyHVpguHL,39
Dr31M63JkeHjCs0q,39
hSOmrgF67O0ddvs9,39
uquhXz3G0aQ3IDAd,39
XbEoDnd9Z4rfwaU4,39
Uj98PNlgc0gFiF5r,39
UiZgW7cVcDXiRQa7,56
CRvdkgQZHH4wlfg7,56
Tgfx62G09qIZHOyd,56
gxsJERja2gjqQdi9,56
dPesfr1riqzaPEo1,56
5Kteiq67Syavf9zq,56
VHiy1LCzKr9hpRyy,56
shdKzaXbVB7y0hA4,56
oTlS8jzwjCHkwsyp,11
SVluJ44eOV1581q1,11
5QXHPGkXWezPug3e,11
sU7KenthbnHZKFuj,11
J2qLXsmQ2V0qV2uD,11
AEbv8xhtpF4F79zL,11
CWGyJXyzMrnlakKn,11
iGkrEhHmbfIhCSLX,11
qhNgBuPc3mSsrbYK,11
5O1IEicLNIBPu1Qy,11
gzUVxuOtiDLpmQLK,11
VU5NsNdRsYsqDrlD,11
mAaCshFdYBaklxkv,11
iUo1aWbtDRUIBIy0,11
p6OtVV5wymSp2nXI,11
ga3ULsRukuu4pSKy,11
n9UFB4CBMVr0uNgM,14
FrkKWbzQPMwjlko2,14
sKl7bTCqLZkzWMTK,14
BUwcz5Ky6OhRUXv6,14
xR8KCDXsXyGHA9k0,14
10gOcS95oX0kSphL,14
0ZEKS9pLg7MtFroD,14
DhleKLK9m2SP3MYf,14
gOlKOJwyCSiqdxxv,29
rPC4VZoIhgoYnCdQ,29
EfSiVMeHrlSOPxeU,29
SUfGVwdgBo1evMXN,29
E2PaFExaUJJ6X5tK,29
KnlH3G7dTKJ7nkjh,29
bJEjzOhDWA5bPClV,29
CF89W3oPEuK6tMmZ,29
kinToK3L1ZH5106k,40
aNZKsgtFwmNINTe5,40
4s5B9C1BXqjGhjTR,40
x9BUUW3VkWBq4glW,40
3n99KD4mXt1xgmRQ,40
O0YfVSIrZ6xGe3yo,40
uBxQjLV72cV5ZyOd,40
Ed3OLL8NeE4mGh3R,40
cWz5e9hoNbarxPH6,64
LPgcPgsRXD3oKPQR,64
CV4viruPYWcHYAP0,64
kBCuWh1VPhYNNFBq,64
xMO15SbHjAITbaMd,64
WoMRbyY6qYZKc9KU,64
TKYZwRg2spCQaVrm,64
z9yfA30TQ8l4K116,64
nKV1PcUwCTNIyy7i,22
G1cw9x5B7stZeLKV,22
9Bb67GcVWLcgcf6s,22
FUO0E7y7dkKS7MeX,22
VcwPYC2DK3Hc8z0Z,22
yUYGN8kyJycXk6vK,22
KbhzXTpKMrULcWWf,22
Y3oobQmzvr3e9Xrw,22
40BA73h3XoVP2M7a,29
b0LWNTNL1OnV08EH,29
tgsptsz5klZGbVFq,29
JJEqtKwXTzVi23Qh,29
RBJFdw8PQyYHuSAA,29
qqH40JvsIEX8vpgh,29
Dxd4MRxqBvRsX0bI,29
FGqBCNFdUaJPUobP,29
qrPO3YNO1TAzSpQM,21
MHvB4Riv5FwWmk86,21
zhUVL8RjnCjRrWua,21
BPYvK2g5H6con53S,21
xfH9BNTuAZfoQtrd,21
C3A7RlNAwd2EZsR3,21
8L7LqwrQ6ULrVMCj,21
0FDQ9zYT3uCi0uV9,21
JU0SngC9joWB43Oz,37
Qym0HswizLA6Lsrp,37
0EGwwN5J2iZeCBOy,37
WWHAYoiZBA6A5D82,37
EJdMU1iWEarxip2G,37
p4fRXp9utROMSbhs,37
9WYpEyDAJEsbq3jb,37
68CNOhib0Ck65VUc,37
Pz6xt3fTfT158osa,4
BZDBBS8zWdSNfLhM,4
n12ujfTp9wzGdRtq,4
3HXJGaaSpaav7mDI,4
8RFbyc9FW5fEqIff,4
FQJmZRFAvKe4v5n6,4
78ZIDnWZB1mfqKmS,4
CAx2gZonvl1KsMxE,4
q7lH9zMKOb4UUQ0s,5
QsoYWbDpit1yQBXH,5
xvJpYswwN9v41x7B,5
Pl11tq5T0vtV08Eu,5
DD6YIXesvysCUs1p,5
AkJJOESrS25phQ8j,5
HuV1H1NtMy4eClgx,5
kA6SRqHGeavSbpLf,5
p8C0lWrzQrXuZzas,17
NrkJehwID4U6zvcK,17
y0fN5ASPOufNzzkE,17
XKlA6epXFRg4vbsR,17
sqkfI0jMQKIEsFH6,17
iFSqEaAMW62x9pZe,17
7rzBetUtECB7fGPW,17
zEiQLXkxt7n3XO3u,17
UoyBxnNCPHHwHCZt,13
H4klGVFJaF6mNdc6,13
pc7lfmzFeAdPppGt,13
simfQ8IiScWS2y7H,13
qISmAlIf3V8mshoY,13
3KPWRokCeZ2csbuq,13
h89NNviMIb8UbZyf,13
spkBD9q4ItBrOoeX,13
yhc6bG1OMQ3J6ZRE,21
hBYdzQXYqQ2VqZLc,21
djN5Xq04IWatSBGH,21
T5PNDHJGtw2GOTUF,21
3HolfvkK7cd19Fse,21
iAmP4ZHpOZIYbyYT,21
OEK432MiDgO67vSz,21
yWbHef45aDgsMVl6,21
mRWOIsDzWyMf4MZw,2
0MyuuckTr7Vk5Tf2,2
ZyAi3AlpuSWKy7ax,2
Y1yJ4jTNbVxTixzv,2
BBCgqIvo7oQmXhFW,2
3d7lglLZeIkmAm2E,2
ofAeh9EDA25ICi2M,2
sqmcbNfd8MQ51n8M,2
YVntXQMkEyAJdKOH,13
TK1QseQdnBFuH8ay,13
y9ZeBn5riflvsxbI,13
QjCIsyNKCmnR4utK,13
YCP9HgrBKwpLup0X,13
RK0I7kFhJjASu94X,13
K1fvJx6TQtPk0ool,13
0CCrVKAom8EK53jj,13
H9jmm42cKDbfMZLI,21
D6VOiydlgneQGSbB,21
FBSkhm8rAWfzrRye,21
urBljT2akekmVUFR,21
gcoZoTE0XUST4daI,21
jVzFYObHIdSw2cev,21
IhAEG37ayOy9PrQo,21
Rscke5x07F8infT8,21
mAl2HLzOK45yVqTY,64
65I6eUyKmYrULhaY,64
dUkR6ecLp7AFUU7A,64
EGV4gzx5BaHH9d4R,64
Rz92ZJxfYzaqIhDx,64
m0Nv002bd8eyHdNP,64
061vly0ox61zcjjM,64
d0GDhxyZqWPEIPWo,64
tJBAEfHAq8rj9BiX,36
j3NPdohPclRG3CLu,36
qAEKZsb6Wo0XBU2B,36
qNxW3f6K7nxd0P43,36
7GXQHqiSuL9LwLN1,36
t6eMEwn0Ed8Rd2Bp,36
C3NGmXzmerBkRt83,36
kJyoGf9h9bwa8iT3,36
aFm4oxbaATq2SuXu,45
kQq367x1H50H34pB,45
IDAdn1Ay5XL8Sb24,45
gWRa8FIM2RcOEIBK,45
uf4PQjnhe0vqgOeh,45
qncg5yvO1wBZioGJ,45
RjevXoIyhg9vhhf6,45
d0ZninoI7QZwZqpC,45
EoC5ibXpPFyo8JGP,67
XRiZ1QYwCM4upYwB,67
uysChF10CJqcf97M,67
7varDbZka3xNRyXG,67
8XFmoijes2YgGXI1,67
dTlQQMrb1oFxnwOS,67
3vO4uEV8rlfzUrpu,67
Can6yHzdv70dzpcz,67
vVClo8Ov9OdfNrDn,24
PBQMm03hngY2z53t,24
od6jHCuZCrcwGNW6,24
i6m0LHT6t8Ftl047,24
gICNJLE4AXopRWci,24
sD9kN7kTIsll1TS5,24
IfQTg5dN4VAxNJtQ,24
kGAO73ocDQVbDHfV,24
KxwfelTXDqEqW4CP,40
7gsNzoZwubfLnxn5,40
tnojrMXUYhPmwFDK,40
umDbhVoPETzSVb98,40
wZqvr4MS4rJaH8mf,40
ZUQxCgjLb3UgvTdD,40
gSRuO29rOsFt1Fpp,40
O1MRN1WeBLwo8w7W,40
SmE8ZgCY5IPxdYOV,59
exmvmM2zho1BUFrW,59
JtHEKW0GOMAVmfKB,59
SuH6wMIGnSgQ0cpc,59
lUhwVOKwIsPf6OFr,59
DA0BjbsDhKyaLtcP,59
qoL3WcLueOM1vz4z,59
q8AUesKCruMFPLng,59
D7Mhgjsq5lfeF2x6,2
vpZXxoDuVhSpCU94,2
IV1mn6z8vNWCtF4c,2
PukGWHlmh8njNNBF,2
R2KvElU31GpMCHma,2
B58v1KtVMfQW2IAI,2
7d6Y22onHRFVI4HR,2
Q6GobLKKErSVgYLl,2
e1hq4Eu4sQz8Bjr6,11
14IXk49pslIq7TaU,11
SJoB7R0aR9KOtnHA,11
MJnAD5fqyEqKc8By,11
lVZvveUUn17Y9rXs,11
3aNjJcp5oCZfqjRh,11
3nmWKVVt1SRn4L0t,11
ZjCUgHoi2j7Rr5bk,11
WJmMffgx1nlckzsd,32
euxcjMUOZ4gyGUfv,32
WKQjvXvHXpdamZ1w,32
WIcw0CgN3RVJ3oVP,32
Ij8EjOnuKcMXyd7Z,32
6RfxfZH75ZWfDIGj,32
xmDTodTYrnD5AnhH,32
FWAXypQCUOknKU1w,32
kcSwAD4Du7Y28zD3,29
2YTTFF2An3JY8oX8,29
MXZrpYSpDd7lBxCH,29
XHjtzIvq24L5kUFQ,29
GWq728X2oFCfrZbm,29
4yFnuUaEJWfVdQFl,29
Clt9zeMgR0MX0yuF,29
V1BsWESiUlUXL607,29
XPY28ckUybV2lHPt,25
0XlNQGqkURv7DMLe,25
h6OV8RYb477Elahf,25
9V044ZsNKfuoC0cp,25
nIn82gLotIW9KfJ5,25
09ZWIIhy3aQm4xZp,25
cfbIMzPvsAYgkuoz,25
28i5Fm0YKNEqhvMj,25
N4zbOHsgUSwRJXv4,16
OPirApb1YBhVAi22,16
fLTAHKXSZVoSfpxa,16
gKVCQDEsIBDxNx98,16
dp8j5O7gsxdwD6y4,16
I3fk5Kh0yowPdtXK,16
OukUe5SC1KVcOYb3,16
vQKErCCBwyXuL5cE,16
rat7Ymfb6NaDEgQJ,64
NWgPy4CJ74OCuVS7,64
gKgjPAdqSUIwVHKA,64
0od9CY9Q4CKZMFue,64
Kcfai33Zzonq7N1i,64
oLRXuIDPQmX0K7w5,64
fswCOIGD9ZW6cSPC,64
3dH4nxyz4Mf03Wby,64
kM0IDYRoPHBYRrcd,19
bP7FUhvfg8zKS8Ry,19
avXiOqkVCJTBJahe,19
U9msClRel9lVGhyc,19
2jqpwJ9AfFAIkk8u,19
2Am6SzvKFlFzDBHF,19
qZkZtKxZAlK0hE6Q,19
BSeyiWakHVhkmC3h,19
BpxlqhpP8bjTlZ7H,14
SmPrS72Ia4Wc4jjQ,14
UreeKX6RvvBrbK7Q,14
ng2CmSayzl1LnQ9P,14
qM5q4bWpR7YWPR6N,14
TaMBRpw36g11RuNe,14
Na07mYk5z0FgrLsN,14
eTzOlLZJQ8FcZkvj,14
6mUlAcXaOxTvZNxv,13
NEPwl39BHzA7xdIn,13
yatSlFGxSFYZgWdp,13
7nneMYN2EgZhR2xo,13
R37EK4pEtfz52TcG,13
B91D6rYSd5HRKgkR,13
ArnWGhwBhsRRLFHQ,13
fPQsGsRu9rt73mba,13
TXxdUAseaneIteOP,15
bfI2CRQ9fGzmFuMM,15
qvCMjoizFerVQIvG,15
X3OwvQCMDOZbUDMY,15
UJWwVHbmobHAOq0g,15
6ZzbooUinUbLGkhx,15
GprQFnIiU74KKEpY,15
aptc88H5YsQICiKF,15
qXaumRPVuACdVEGM,22
ymqcM0eJYwGawwIV,22
90PHXq5Yks2nSVSh,22
u66mQQfmqVfCAllI,22
PGzR1Iv8bh4qlL9q,22
D5XSEvJceRvI0r7B,22
Mf9OjERUWYa1AubC,22
39cqDb2KVfedVp0t,22
mTTGusap5mALLMvi,19
jOkYRBMeyyMDHqJ3,19
LiRXmqiAJmttftK7,19
J5GjDUWzL8Q72EQO,19
Rhv4PHL3WW56dgyP,19
2a3w6Toe13fcwRJ8,19
OupQzUicx5r0tMmX,19
FdwaNDvtwgaw4Ulz,19
CVR2Vu4i90he5kCV,57
K3wkW2JO57HZNxMr,57
8Q1kahXfPT6yzTL5,57
2A1FnBz1tHupjb3Q,57
TviLw2mCVDYq403b,57
fh6vXk0uuGRB1lDC,57
OG85kutgFZAIK9jS,57
2V8r8Lwwk2GXUNpG,57
9edWAijE0kWZ8pzY,13
JLmKe90iL983w3zw,13
VfA8Rllc17Tz2PUR,13
vYfu2mBX8SAnCC2J,13
DMkCJDyC8I0kpzaO,13
r02oKdpvZBVb3iHw,13
8wN1va4ksj9qPXiA,13
SPUs4Tds25E8DiqO,13
3zMguIvuDs29L7by,30
IHNOeqOr7r3sMGou,30
BGlpNQVxVxqmSrqI,30
oTdHbBKuJer5PA4E,30
T7GOPCBYhgj2qW0L,30
2tqVGDygRZva0TWs,30
uipEGmSNbqN96FwE,30
k8Jx68hM2AhhxKsc,30
lz0SbzJ0IYZHFeH1,4
s2iXzUdT53CJ09j2,4
uxnp0dINUWimSpmP,4
2AopDNk5l6orgapQ,4
cta9imAKmAZ04jBJ,4
9LOWWZHYaqkxw9t5,4
JDM5gqB6wLwgfPjb,4
GQcMz6lRsraAnbYA,4
6kWodZ3gz78rUob6,25
WWAUg2dUnMjF1GHG,25
UqjctOv1FHWhpgsx,25
V2I3IbflQXkvWzZi,25
HhA9GETIUwfH0Rw7,25
FrXIHB1GMLzM3aHX,25
nH8ObsARI7iEwACV,25
VruDceE3Z999Cpo1,25
MCag8sQOPuxFa23o,40
OqCVfww1OZVpr2C6,40
5QSbZqH67HzLRold,40
fUpjRJ2XxaEkwgEJ,40
ffuyWOTIut9bkyV1,40
AAUCVW2HAez5oYoW,40
6uyPGvm01Ma1LgRC,40
8s1oFRDjMsjVQ2Z0,40
Kc1DJCluvcTxthv4,56
zQCYidSLC38V8wc0,56
IOxDWxCLb4oZUozO,56
Yq1dCVQMbtOtIRf8,56
P2QVXduX4SWC2b9m,56
lmHBUTrePa9aMvoG,56
CxQFISa58rg84b8S,56
A7edNqhc2VeCWxMO,56
sp2zWKo0KOcJMrgn,17
PzKYZmjAuDp3ViW7,17
jRDeu8Vng8lXnq5v,17
VR9YIJM42zELiqaR,17
FT6Ce5fuMjeirNOL,17
kpDU9eaVcRRA3HE3,17
z73Vmy2diXxp3yGF,17
iOGqwAEUNClpiZcd,17
tmbcb8VpD1vX6pKW,4
SPJhiXny2jrTlsNP,4
rXvkVgkwT397JBcB,4
yPkbfC06jLZ9uUhR,4
obFSTrgCKK9PAurA,4
WdinJ0Uv7WQ64dpF,4
QrldR5wwRPwUvWoR,4
xZThV64P8tnr3s7j,4
JHBUYcVNBRLiuX8o,1
97oKGKOJUAIUh24H,1
BfxO9sCQpfPv3y0y,1
Pjhws4deTpf6vnvd,1
Eul9z9usVSOF9KYp,1
h3qSpQ0BmETYZgSU,1
htKQu1q2lCDbCaDc,1
B8SjIneOUrOSPmTx,1
PO7QQLWIFOT65BTz,60
dHlov1obK7FBBM8Z,60
RMmejeBpD6PzgUHi,60
tx4t9ACne6R7nCe7,60
kPNcKPRPz9Wv9YBg,60
964P0mmTC7ge8INv,60
PHC1OR1kc81LyjIK,60
fsfyhrevbLpEFRWg,60
h8AgBbJSGhXNE1ji,11
JySqF9qa4X4hM0jO,11
QQQbOZQOqg2757I8,11
OSYQZaQGaaTqO8wG,11
Up8ac2bW8HgGzYFc,11
NJGgnIwJurj8TZsK,11
Ym4TxN8Eu760LQIb,11
WpIvFoB9JbSegK5i,11
k2kNQku9HEPMYAXU,42
OOkbONklvlhlXX0o,42
n1l3vnF8UyUuDzMW,42
P8HwYMKT1VzWqH7A,42
0lk8Uns6GCrKnMeB,42
OuwKbsQ35zh4cdDM,42
7BZjlemlbtSecskN,42
ju2U8QRISooEBXX5,42
ZEKHXEk64HFm0ZSe,42
2mWELvGkL6gvI98O,42
Tdug2Ir2mPNVbv1R,42
tpGrZdOq4y40b8J8,42
WgVRi0DQ8lzCaGz2,42
GpybFUz8xWITgCoK,42
N50J8aGUyuu2haHA,42
6DHI4NkeqhIhcdDk,42
o4tac263SYOVgGeT,28
b7A7jpiDUjoPEhCN,28
xWrgiflBCJJGAgbf,28
QeV7TK1FhLMDuJg0,28
yFxcfTtBHpPhrzxa,28
nwVG0ld1hzYm1cfW,28
bGUXJjt8dm0UxR2p,28
lGFgeDZh9ZBx3n9O,28
esXaLJlfkFclphJM,25
ObzTNx6ou067rS8f,25
whOi8uoG5Pd3PYAm,25
v4V0jo5CDCiKBzRu,25
ddLEG62Hkd9Gf2le,25
GmJt9luZoy6Z6O2t,25
tY96oPJrWQu6cR9S,25
0lw9A7sXGwIB6tFB,25
ndloBtg2ljsWE7qb,38
BSW4uJhCPNgQxUEJ,38
JTuyMHsDGMBgYSh2,38
9mx4CCCsfQtLcxEf,38
ptuXstzPGsZ5p9Wl,38
kDa9U4UqGWlG6g3O,38
iyP13zd4RJ63A8LB,38
0x7CLKlC5bF8QKw4,38
tdtUA4VWyJj8hjfv,8
Yy1NKXy9jbHmOrFK,8
Kz5iJqbDZBRPQLZv,8
yaIYUvtI18f8236J,8
ZmicBfRBm0Oj1Mqu,8
H7hBCkmIzBvQAc7z,8
18fCCrK19SfhXEBC,8
UkcAGg0uuJOmNn7I,8
GEondblFO0ypTiZD,6
ZyrsKODZ6sEaTdai,6
zOYUxc4wvhKgQ0VZ,6
nWx0gk0IqY3Jny2M,6
Ju8y4IxbU9BWyr9G,6
fmUhGrx6AbvN91No,6
SRrsPVIZrAm2elis,6
qsATscp6vbC72AM7,6
uqRuAzZCBzq6drFU,14
LVSjwPTLdYBSZFDh,14
1xbuBYyuJJVmZnNG,14
Gk4RVw5UbHuvLlvY,14
VcHSghViBX2b8c8m,14
mDcut1Oit1ufRONd,14
kPAzLmp1weo98ri5,14
txyZ63mYz3ENGGRZ,14
WVTqEoaOJblHk8gn,40
UQdAdYYp7KH2edCK,40
k1Iz3TosZk6xvAnJ,40
vAV1au3Dfi1gMHJX,40
yDtDsyJMEeviTEmj,40
C5akFGsEmttD1KYm,40
yNyf3Tp0zc7DFj5F,40
GDAdNAC8oCkxcdKp,40
uW1HmbRaOUpoS4wt,36
Qkew66HYhHK6FUaR,36
gxa2gi146XRXUo6v,36
k2lhljsl9WZCB94E,36
R6HfPQBGxbxtl8nv,36
NtrVjAYSfIr20vun,36
4B4Tehj47iYmmIyS,36
bTSw8KKjK8m1Z4FI,36
QtaVFLNiZRVfy4rw,24
ppPtLf6Se3thvkbI,24
AzGee4nn9NEm7BCb,24
G7WoVUJi8mFdQVIr,24
gLJpzK5eYuCnRDBX,24
aSv0h3BSiEeoyfUZ,24
PFgjIXBnNPg6CTqg,24
zWnpQsPPRVkFkbm3,24
NEgQ2WPxx6RCNmkX,19
Fru1svJKiK2FYv5R,19
8Vj3aw5va4nWnadb,19
Wuo90X5U6WqtyUc4,19
MPLhZwrZY1dZlRDn,19
KWroX7LP6rrZgdYT,19
0Z68C7q1B4zB0jfw,19
1r1HsYsEMpBUYQwA,19
hyCu2yCDcclJQ3Xt,2
VTISw0JTAOeUHHGf,2
LJ1X9U8YCkrZOuJf,2
h945WWsACupQBhlD,2
vVaj1wCJFcRV0ZMc,2
GViYjblidreaAs5K,2
MBfj9Lon0ieWmrKw,2
Juja4QeoXylzQdGY,2
BdQlRbOM6mfoE6JI,29
qxxJJ7ZqwbAhw3R9,29
hYoADSs2yfBgB0au,29
SROatAQgQHrNMSiA,29
KbuUYQ8wcMwE6KjG,29
KFflEKofOcIj4ykP,29
wfnyGrcus1gTyQvk,29
QyExylDxWqvR0qao,29
IFTKtE0bxvRhALtY,28
z0QbEkIoiVzYZ2Is,28
GNSWseeItON6g9oP,28
cklXe5xX08t40pNc,28
xG4FDgZUEW1u6nxu,28
1Zs6KlbsKMnbT9As,28
hYRAqHUaC812iOCO,28
GAg3RfvBZ4R1YXWk,28
hLiEFJJUWvhNZcY1,12
kY87HT8iCX75AFEY,12
G8d6QxzjT2Bxyxas,12
gkYlJzGvQkIMC7w5,12
iU8taeqTJQtn7UNM,12
kgTfIMAQHs5skPsy,12
17MomXxIoWG0tmR1,12
VFwAvCFLKZ2dyhG5,12
bKBlwI3HRwCBTBMq,38
z2i2sdx5J9daTJ0w,38
8Sb22Q4tnHMGmVzs,38
3LT3xp7el36dcHXv,38
2DvJXNMETQxTChgW,38
VE514TqfK57aRAzM,38
BjpHAKRYlklfN3yN,38
TWcUdm9Ie0q3ymqi,38
5JewYPldGL3Rwih2,55
pmtDslqAnPgbtoQC,55
WBgZGXZznkmNOEXL,55
6rlLBO0FfEwAvuQg,55
4IKJm3QZcvEtQ0IJ,55
jHZaupCAWtixvZbE,55
ZSUU75O17YylVFGP,55
wBcF5JPplFsR5ZSJ,55
Kbh2SJ6piaxgfWke,4
2D6vMD3J62nousGG,4
BcbfnoGMbJmTPSIA,4
JlzbYfPICETEYNWw,4
RrjCwlnTc5RInCSd,4
S2YPlHHC25tUevTL,4
Pr1jVL1Oky1SswWz,4
CblDL5T5m4DfquSP,4
94cFv3adbzN2X5NR,17
AMEjNzwvy0hMlDBF,17
IYhLlV7atXIEFcBF,17
M9PQGXznlhcyZgV7,17
tgFBS1wtAgZqggPX,17
RPZSqNEm9prJto8t,17
FEVA71vTB460g0kS,17
bcqSpAqCxHtAA5Zr,17
sC2ZI1VF9gxPvVom,8
McI7v5XugcFOStUb,8
scTZGPheD0mbRyKY,8
UTTiFe7eijgHk8Tp,8
H2hsfWkrC5Gj1Bf8,8
ncdjV2fbQjVZ8D8n,8
0Ygydx9Jb8eKFQY3,8
KU77yZ2bLhbiDB6Y,8
IUKKNzkyMDYaHoIB,4
MNmDgita8zv1NyZ3,4
eiYnMIfIKoNDPOZk,4
Wx97WLWmyZa7hLXs,4
tyandiRngieFHhCY,4
xIhJiUhFUFqGC8sF,4
VcLTK0mvUToRIOYE,4
iG2METPxl2yFEikm,4
mh9qL38iGOLALgHR,40
WaRyvzKsjCPAOmJa,40
BUe23HdIqp5HH4ey,40
fnkzgge74EJdbXzH,40
Sb3ZUbfukWVZOLff,40
HHNyyLNTFjF92S7o,40
iq3B7MtOEAT8kLmz,40
YCLZJobTtWvDAjC3,40
xMoMBukg200oIoua,40
2WuwF8h57zBZol9G,40
sEIaS7F8WEtaXBZs,40
PozUoS1fWwKlV8jX,40
dK1N20oj1OVqDbCK,40
FpfJWaSUA8niwspP,40
WzfnjLtbzp8xElqD,40
taRKyhVCdKLG8Cne,40
8fqY9qoaO0haZyfr,13
sTrJhkocIpscOj84,13
CfUGhlXL85SIizAu,13
9CAkl2biUpQq8VSV,13
cdnL2nqtNcDBME5k,13
Nqv4bpCZ0wrJ38cX,13
qRbdLkX6UWngKw77,13
XVZP5lXyctlov3RL,13
A0iS8DqvzBMJoRNO,6
S3AJk4kwHIvQ8H87,6
4tKNY2m9l4mgl1XZ,6
ZMTVZcaqGNytzQxi,6
95JcLlqkGF7v4Dif,6
WIrVADRlBqtRde3M,6
7K7gvzkqfRR6ulIW,6
aW5IagELHzETFJim,6
A7McwOcQLyvzWJIW,40
CqIayzgeS658l5AY,40
FDefJQpT8CiE0r1k,40
wT4VIBQqeDPI7ju8,40
svwSsbUP8rjhbaht,40
DXUacbe6LQd947cC,40
SgPLOWVf8Dy3v194,40
DbjyqbBiZYBayCsT,40
FsT9ydZvj0Tn2U7Z,57
xhn3NVSh4HOrfGbw,57
6SCbaQ2B5kpRNq8u,57
rWglsEilo32D6jcC,57
y3xaKqzl3aEI4PuB,57
wVI1b4FQlb1dJOQb,57
PGrsVzaCJNX1b1E1,57
AV1UUCv6WF5q3vhX,57
bPsisEL3A9dObUdK,40
HP2oj8KXGCyZSJfP,40
PI50DgflUg697zXB,40
pw3M1tBJKvmODslv,40
DNm9Sli1fLeWqpNT,40
WgOCLhfd6cyu42Se,40
ThfnPfGddjfVrMHd,40
4fOk1KG0Pp8ZuHqs,40
MmKKPPIlXswuRGFX,64
y6DBNH5E1ec1hsNt,64
OVXBQ6bnKlbO8vgs,64
E8AKQyIb5POysx2T,64
wb0zaLRZ2Vv166Gc,64
1HuW8bQ2bDjHGQL9,64
LINLqDbASgDS22Pb,64
ToCVujlK1zVrHqOi,64
3j3qquw8Bvlnligt,32
xFHDluTxHSET9FEr,32
MeR3pzh84KpLMcNf,32
v8KlPPDOrfeAIaB7,32
UaG2IBt0aAVFxWA2,32
90V8Dr7OIZN2X6B7,32
Bwm4qZqlcdsjfRGB,32
18UjwtvDYnHEwEgC,32
7NDlyxiDUmOwrmvi,43
lodqBAbdfiJpHjDf,43
tpY19KLKjwD4a4LL,43
EZAmggQBwBAD3UdR,43
jsaIrEu3jHmwMLMt,43
p9v1d0vHYp8eXMNC,43
bxiK3it8VaFZQ1wv,43
r6MgBlq8FxvthgQa,43
o4sQFFYOzMwIEsgo,35
mdWyeq36zbfFQqXf,35
Jb8UD8TnCZs1Se02,35
IoiXeRbPkMfAR40R,35
m5l4DakhAqWJT7EV,35
5mRM4WLOyqEFXhIm,35
mYSNrdDP8aeyQrQ2,35
j1RoXbmUVwHMXjK3,35
pROMG7Hq8r8jDJKw,13
5BwizSJpTshv505v,13
GpdWKDxZtlUXt36F,13
z007TdpNyPWCai6W,13
NBeJqqyP5kzDf8qR,13
GDeNTNsjvd3QvKiQ,13
YkA0wZ0PXB9vlKo6,13
paOW9IJ6AGqpaj45,13
Cq6Gl8Soa3X8cKTC,31
TBQu96WK3Sla3Yk9,31
JiWKnJ0vqSO6cOQt,31
ltihQJSWoGu4qxZW,31
m0y9JGPFARFAT1CF,31
5DCjjVWyA8b3iYuy,31
HNaxXJWmBAJmsJjy,31
VcJyHWO9dmsCz4tX,31
3ATzohB15YBNy1JE,14
s0e1tG2uTDQlydkK,14
6TGbOgWMsqjwJQ2V,14
6LAuYAacY7O6X67o,14
tHwnSdDqHD8JeZmq,14
yAQZHe95hQIl1iKY,14
Y3d8Lu1ROCbYLmqb,14
hihszYmLXtYXCzlu,14
gOSvNjpr6SBzuje2,4
6Py4cvLdqDownu1j,4
S40LubLi0Kf10HsG,4
8S0r6JGJK7KjgcDw,4
c0r4BZeEu2vgGJCb,4
t78qy0NnYKNTvpfZ,4
slSDkKUM6bSsnGJO,4
DRrNfG3VubxS4I49,4
VtAbbsulTf3i7HMM,4
ua3sMSZQnj0AX3Bs,4
GGwWCJCH6lY4H82a,4
JOeej3h27a9peXXY,4
ZaZibqkBkQaeN3PF,4
HGUACxe3JvWF5gfB,4
Fv1ocC4AJ3g55alZ,4
6GcIhrbmnsT1bvcJ,4
u9PpuDTEGJ2VUf6g,15
7QaVlv0iRRxZZOQT,15
Rjcz7IiK8PL5UqvX,15
2K5sgBY468TW4yCq,15
whKg2IDhBi2IKCtC,15
FRIAx9BfMq4iv7wP,15
IUzcfFXz4SPEQ3HC,15
OTYAxvEZLi2Xicpa,15
LYB29huEpJvuVW63,21
PdY5Y9pFyhpFOMeH,21
OSD7Ybmxq6DBy70Z,21
mM0ygbeDwNRbQ2cW,21
DY1VIAVi8Malugvm,21
uVFW8jJ27QOZCdmj,21
UqvpH9ZvPQBxpv9l,21
Pxm5ccCmaKwbQ7xP,21
KJd5sqATAxGLuiV4,25
84S5jIc1xLJjBict,25
3qzKr9H1X0sTU4gk,25
Mi2WTVI6qaXts0wY,25
pRIf9rapdPFuu82M,25
dB64zH7GewwVDhSu,25
aO980ubOx3cZVuRC,25
vVL7mV8hKxi2u9yK,25
n4bMPSssn88eRkfY,57
lKaiHjiSEWcdMZn3,57
9uFuM4Im0ZPm97MM,57
A7VpyqAOavK4xuhS,57
NOr4ncE2T6kZg5RG,57
kXXVzJAwWnA5MruX,57
L6cEawVQRWBMxTea,57
ScMutGShr2TKEO1n,57
NOvwLWkOlFRCy24q,1
FBY4HvubFGNy1CMn,1
n7v7VU27ikHT1Eau,1
xHo3ICOLBnm5s7zD,1
2poSTDlcMrJrfVmU,1
0F76zYMHFOoPemDL,1
vQVynWmEcBM6vPg2,1
AvDjGKYDjkyRKnsG,1
Zg0QfulBfV4cVxo8,38
itLBG9PWwtL4IXjj,38
5qQyslLM4GClqCUn,38
s8J7dnQVgBmzEHeD,38
oCLrZ3aWZkSBvrjn,38
RUhF8H0w6kj7hfxU,38
FTDi9TG3HhSnDEcV,38
D2Otui6F7SeX7MnB,38
qsTf9Bti8mTgywr5,63
rdkMNdCUU9fBB3Lb,63
PDj1S5WmTa5YGZgF,63
XjbjE7dBhxNkEoJF,63
D7jUel63z88qRu8s,63
Q3ak7HJZPfsfhi1I,63
MWkIu3u02RZtrRSS,63
iZDQHJMu8W5CN0U5,63
c1xObXYvpF7zBB9Y,29
qiA3SF1GYZD399cT,29
vUAimd7mMDtq2bG6,29
zu7WyNEAqHCGsLBk,29
1OZHPQTQ5gyStCdM,29
4GtMFxyYwU7CISo1,29
4sUTy9A18RPVxYEZ,29
WzsPgzrwcHyj4UT7,29
CSjP6sAfQduefc71,19
EgRt7NnKRjukmXzY,19
AoMMqNv6MsamJKwu,19
gbEBZbLZO7v1qpgE,19
BAd9u3XLGAYWCICr,19
VLB5LzxoiGFfWd3h,19
kepw0KAhGQnd0QDU,19
JjQrbFo1Sop4oCPZ,19
GmFC4yErKMBfWBZx,24
CMmUgt3PtqPMrZYZ,24
h5xekNhh6ArWFPNl,24
KAoQXDog96R5bbIP,24
FSdjngDqO59ciHVe,24
lhValpJXC0k72H91,24
eWCKNzFbJaJYMDtR,24
4yLtUAW47U3fgOKX,24
oXxLTGasmnphZWxR,2
hQteG5BVr6RHUkma,2
Pbsmeb3Zo18HPvAL,2
RLhX5CDQL9Gi9FaH,2
79hJ8wURdHId7IEu,2
1S6xfB2gpBLzHfz3,2
tJTuSsoZPjZKHDAL,2
wDZbfK5Fs3n9WQQu,2
VwIqQFqxDa0wtTv5,17
TtTnSy5eeAIyhgty,17
O4NvcCsc91FgWCTm,17
2clomzf5A9wvGbAW,17
enrQLaLXBOe0MEMF,17
aM59jb6dv2YVQzlz,17
PsbTrCQPwccc31tv,17
uOcRLyNteinukJHI,17
IXeRCMikOsgQNNYD,59
udnQeatTPLCMfqaE,59
JugSMoVMoiDSkWFl,59
qEjF0lUFsimO4f8H,59
cOEdAnpAM2NJDNwY,59
7KvTQKv4ThtZlM9w,59
5J5pKHkRykirtrFj,59
jtylWIEp2ot2TjZD,59
WaK6yyeR7xNkN4mk,17
IgKMWZY92AI3Z87V,17
uRaa9Eq5S1Pf4GKY,17
8MP11YZ0hPpCfAYu,17
lnlfVMq3RgBIbazh,17
yy6d68ZN7v17qERd,17
K3LdBxXEseSALJqP,17
xCSSbM0dGxKLTeZs,17
TQTPEL8sAVCPCHQY,36
kt1Dff8Loy2aScA9,36
jNsuAPuhgHQec18i,36
fGd6OPCnL7jbUciw,36
R9gl1wyBnGoAhWuh,36
BPfTganEeiLoHRCa,36
EkRIZETw3zQFKJhQ,36
TJPsDVZFBG8z7mql,36
QFCtC8AXmLCQUe9b,14
F8DYDDp2AvW9Dytw,14
kON2zsrtDX1F36lu,14
n8zeIymEgvK9CO5t,14
2IATTQzag0oGuuVa,14
fqpdmfISmK05pp0b,14
43ANVj77p3kZZl4A,14
wvyfJmj08BUj1fnI,14
j53xhZ2P6MESmZAA,43
yfKqf1eO0IYWmMRb,43
NgU23cGHw1osJ6Ip,43
Zyb8D6ntsYy2ETqy,43
StN9q7WeNT3EhvSF,43
3HD1dfdr1PgvMg0s,43
CGbZE5Gjmv7EU3Ht,43
1eV8c36Mus9MyJAg,43
xZZqBxx577puIwe9,13
neyVriWyz17oohyg,13
TM0lt6kgSM4xKDV1,13
k1bMglshIVzkeQWa,13
1edBIb3eCD44Wb6n,13
amRikgUPCDvNNdiw,13
e6UEWHDzajGFtMaE,13
gYA8FtpnJdbw4qwR,13
9nt1exN6uL51CEvT,4
RyHhUXOAoA1apIKR,4
Bwd3l6Rrj5nXHKmw,4
vn0SLBYBKYvISplQ,4
asclvS0ZVIPNVGJe,4
BOJEICPYOmlWesKM,4
RH0NzLgaGQ911xJP,4
lHvpiPOdj7utAf2A,4
VobrWstyKDIOLsjY,17
TGpukDGd2OG546C6,17
ju3TlXfFvOluOdaC,17
OOT3KVdDZMTYK9Bx,17
tQAuzSsJimAQ8yRV,17
DM6NmIPMu7Ktx45J,17
U6l8avRSbQ01uEI9,17
74CasCnRhtU84V45,17
Zl9hBJ9QnnxY7QES,14
i5o3HO09xOK1vS30,14
LmnlA1Dlq6ryKo2h,14
misDdQCoNichU6Un,14
JDlXxmDfFicRhuop,14
rFe6WX3tlqRPokfg,14
Okd2gABmprXdhqS4,14
XLgjgkCDuAhIw9Xn,14
shKRIy5z0w9XZjsc,22
ClcLRzhcZlWmDlBt,22
IVzplfIgiUjOFB5r,22
F04TJpsiXPaAqmmQ,22
Y0s6iwlrTSEFFEqs,22
jFMqnDB6oGiF5sL3,22
AoupA6Uur0eKxhGR,22
GYeOAWWpHPsKpWVA,22
pVsqjvhfGcMuqvue,37
wmYBFpx4RYwTHMAc,37
GoNsIWYStkjAPBmf,37
lxjfPzajvln6LrWf,37
m7zsK1AE8qSxgSVt,37
SLtjPnq75cnVCarm,37
uNFOlWymq2TFwvZC,37
pTjsBaNwpKAlQQfH,37
3LoqBuSdlWFuG8Bd,13
5O0IFPPrNuwMfdNj,13
QzaZgLhcMatJHBzU,13
1utesWaIOvDN6728,13
0OtMTL8BLzyUdITY,13
to9WMYqr51WiJbSu,13
av0mRQeo94gZ11Qk,13
RZzUk1D6iNIb6zLK,13
ZdMEQHHCurm1Ks6p,29
srFK68qa6HaQmbYZ,29
KUO2FYpwiUx9Nw05,29
6CgWci4yEyEkXbLS,29
Z51vTfGPlcpTCCHH,29
8fnCME3Eko1AMjYL,29
q8h3Sxwe1aKQwr7i,29
EjlbJPOEf3k8WhHL,29
WuDkRr2vbcWaXbXQ,4
4TkFBitTyFWhKRFQ,4
ZgfgTMDHDU4YhIdM,4
CZZoOwkZAoxMxfEZ,4
pjsm46TWyF7Ljtgv,4
sdxjeGwduy3dJ7mV,4
FeLiTY30QJJMiWc3,4
Ecq99AlkzRH1gDZf,4
WtbRElZ6GfYN1wNG,2
dftQVyYbufLbJXvr,2
l5TCfZR92uQwTeJI,2
ZuBYlwpenQxxjXuh,2
EqcXS5pEGrSRiT49,2
maSaoMIFGOWcAY9s,2
WWPel8XOFDWKWLCR,2
ujp0Labqe9xkt3j4,2
muQbPOaFGInyLkjm,15
unX43skIMa8FTHeO,15
3wPbWUgzZFBES3gG,15
JmpTPeFLn4ysPFbH,15
vrRJGtOChW8lFau5,15
6BG8YK5KoncxnSFr,15
jJ2QpgzFini2ty1V,15
9EkaqCzEBy6yTcIi,15
4OmnsTRPo7WTOc9W,15
e5uqF0vLwbhZm2WZ,15
MLxbHPNerTkSoSoa,15
x4YLIDiOr6UcJVNM,15
3XThBktVRQzNUIHU,15
kH0SImE7WOwbv2yY,15
VgJNIQg859aBeFnO,15
P08eVRjbDTvcfedl,15
53I5vDY0A7Vd1HtK,57
XRqbvEn65zI52ULg,57
JxHf6h08dgsycimX,57
cTdWXv6pEIWZSM2n,57
rKzVbgEcKjYgCBtv,57
ycsirrualw12yFOd,57
IMu6t28EGFyW31SL,57
tbykGkGuYaCkwuol,57
IHqrQwinzqL6qeg5,45
YSgy3c2Eom06Dwt0,45
Sz7jfKGZzxxdtLsX,45
YB3a4Ms8eDvak9YU,45
W7WkmmiHjNYoaibi,45
sozSptQLxEJHwBVJ,45
pc45xQeZU8vgnoQi,45
vjSQ7VMxTFJC9Y97,45
ngetet4E8dP6SgWj,19
KztthBapmWlIJGaE,19
94t3dQgGikUWEkad,19
JypGYYZSsSQd7yyA,19
2iDMJd7wTVLRxPb6,19
s2tr2CsJMaXrFBbC,19
b3x2DXQwUBnNJ468,19
9ogyciTiCO7tppdn,19
cSTqrOdK0b3T7EMO,17
yfR9Q3IiP3whlIzH,17
og37lvHgiQX81J6D,17
DAixK7a17B1ka1cp,17
QcbHemnW2Vt0VLbj,17
vzzk3kMYRxjhFNFd,17
wv2LBCroooQQHtQK,17
vsVI78ZmmaK9xG8F,17
JL1oKf5gzR0VtxCP,29
5JdiwoObGrmEUzNN,29
lI7LJVeZlTjPYXoQ,29
ztMdG0ZsY4QFsKfO,29
lyh70sdQ9qPILmpY,29
zhrsbNknpX2weDt2,29
F6JPT9bRoDJLXhQj,29
crVxevBLM61nnZXj,29
GEFkleWBRtg73CvO,59
BdpTOWKA3SebIrY8,59
1lGxcTsgAjWDva2Z,59
KEysBfo9AJrEs6SI,59
T7RKTt7RYlSyNgw2,59
5EYrJvKYvSm5i9uY,59
ALw5QuRFFUauhJA3,59
EQibNiweKich2JjJ,59
FKOPnbAgZILi4d5a,27
OpEIfYoh4P1NexgG,27
lZoOTKZwgbI3P92U,27
NLRY0aR98J4GWWH7,27
92J6T9Y27xbF66Sg,27
XhZYGhcnbZ6VYAJo,27
dzgSkdn0qE1OgCVv,27
ZlB14AiurFXG5dRc,27
25u5Tk5LU8xHa8Qz,66
z8z0LWPaEPGW8j3z,66
lTlN2e9SksIMvwID,66
1XwDnB73vQsSRa3s,66
Mz0jYpJoG9ssdW67,66
atIr5I2cLtS3CUZn,66
lzBOQnk84MVuAorl,66
1VQZ8dS6YQpqJytO,66
oEgEpa34BSmKc19H,4
OSyR7XSivlOW4Su2,4
hFN8PwCSBbksUmEw,4
YtjD7nVrqLTFK0VM,4
mZMi3qdPE3xJ7gT2,4
9RY5eiLjfpuggQ4O,4
Gl5sZCEmnT41Ke1i,4
zgadFFFmPkeFwdoA,4
mfQxfOmeRmwBh0g8,5
JwhvDK1SfK7Dfh6f,5
LSfpUIVE4THF3ahJ,5
Wa3GYoo8H4i1VywB,5
Um15UG3VeAFtTUiS,5
58xuUAeMiieXHJi4,5
vuSwMRQYSdXO6yS4,5
g5KRUhoVGac23apc,5
dqP2JBWSWeI3zRUC,6
cNVpvVWGlEVRh64F,6
mNop846dXWAvpmx4,6
Pxv0ih2mCAXXap1Z,6
vorNAwYueXwXPBt4,6
8kSuiV2Q5xjZ7d8D,6
tUQgU2X9ViRmQqG7,6
GB16JC5kV3ECqWp1,6
Z3HJAl4nmxDcsrrx,56
t99rGQ75qVQBFVon,56
mdN0m6aKAEfnRLFf,56
CT24XlGj00CbNc7I,56
MRBwBI4V3OJ1WOFY,56
HsbgVBOEDYzLjSS3,56
A9iQeJvm6P9Q3eTg,56
vxkSpSkiQYJ7duG1,56
dixFsmjynPcp7UM8,27
L9jxuiM12PdvbN7l,27
Slh3EWcEut52Hwms,27
wYuHMWNO9VcPzuI7,27
cvRG47ZPbT7j6O8H,27
t3e59A5xQQ4fz81U,27
2eWEY4EM27Q0UU8s,27
6nJTFmz4K1Omj8pI,27
USCuetcZThb2vPgR,43
2BszUvG5I7KLJFlr,43
E7Pg7oPRsPBV4YpO,43
nZEsC0lF0KoLlOjR,43
58mzM9UOi1mYuorI,43
EiydESkX1Xa8grIN,43
eA99xKMTmSaRiVOV,43
qCjSOq60vlxDnCJD,43
SPpbhWrFeMVxLEKB,42
7npGfBUDtkUmpBlM,42
oBGBpAO21tQtUt5L,42
ZKDmqs25MncvoFGI,42
oSVd73Xl2FUzt0Q6,42
dVBC8xZ3r8KoNmt9,42
p6dG2MI4epIJfvHI,42
Y5uiZta8r58h7uOD,42
fZm2cAMACleXiIgu,25
H4rKYUX1mFJpdBnN,25
0lb8z2CJVJpgDgZY,25
M05k6pw29zwqapbC,25
8R1oEPzwqnMLLrj1,25
sMkYYO8N5kKJ2ofA,25
OPkstD33wAm3eZZg,25
TimFlG8hCK0nlmdV,25
IFoUOxihLMHby8Hq,17
l0NUsQW9lcByevQq,17
ourn8QsAJvGVBpQK,17
XDODdFdx2bCbNx8P,17
sji9Sx7KUopPT6in,17
TgXMCiOard173KR8,17
EBYdY0NQbMmFg6As,17
WoNq6jFJK4f3TOeN,17
1JIyRk0e5EwTaPId,15
QckoVZX9xGNnDDXh,15
Q3W4miBvCja9XFMH,15
LGSCjdl1LGfenaWa,15
SrgUdoOFiGWedj6W,15
3JyPMRah7BH53ejW,15
FRfkhhJBd1PeIf5h,15
VukuiT4GWGIQZzty,15
rqyI7OubgQmOIfpG,4
d9EJFpa42vRmLb2c,4
hRbpxFMCl93ELJww,4
GmLW0M416cgx4aXQ,4
jep8MgoXBSMN8Fvq,4
HhqEOtmx4d3QnhpO,4
RwbG7xTjBf8dAGNA,4
YT9l79SoiGWSa38W,4
2U9XCV3ZnyZHoIxQ,21
9pnLwddsFM41PREs,21
cntBfvyPlBjstyR0,21
vvvTOryw6qlVzGpy,21
AtgrEYxopz2LSxks,21
kZ0lJWotL3hqna8O,21
ZbeyngGWxlbaOjpL,21
IVK2rYz13o38mI95,21
JScl7G7twDhRJAK9,5
KIgiuvNEEDjBuM1F,5
pNIBl6jeqdwen4fI,5
bo08s71qyTwe33k9,5
o2LPHMHZm2cyxdWo,5
2AqjwN98FQ7iav2v,5
IPHTeLyRAtZxkmh0,5
XAzkI6PbGYZfiiRO,5
i4detMeZh3HOXKsg,43
ofCPDGBv57aYpKPr,43
BYNv4cLpTwuxwSCc,43
CjqMSdmi9iprEFes,43
amRVEa1WVL1bCcZp,43
ihy0YATKtHf6S2Od,43
sggAEJI29exYLAOY,43
7YTsBM2uqHKNw7iN,43
ZmJD8hjNwfsvl5TZ,59
msWeoXCpqvrisE13,59
eECXxGLgCGo8NcUY,59
KN3EQ5qMZZRdWnOX,59
Wh4XLWfNqZPtxq7x,59
fWvXFg7Bc5rly880,59
AUbjIBx6U1nJn1KP,59
k56cjHJ14A2A7hz6,59
kl035GcZevBhNohJ,57
CjV4y2NWybIWrn4R,57
VatdLIm2yBuXxZR7,57
UAS7vx8koKgEXRb0,57
CGrFUgbWEpGZlm9l,57
X8eYlgiffdhHD9Gc,57
RObestZArY9gN9Ek,57
ZXobaKLkQV4I5ru3,57
CUAk4AF4ywIyg1EY,6
G4eFqSu5iDoY6wOm,6
zFbyRBlwn6lrrC4j,6
akPEDSz3Q9VMUFtN,6
OB07He591st3fB5O,6
vjDpg8ThWDl0lzt6,6
7zIAHPBrAV1tgsE4,6
wZNLBsjAdOy0dTbN,6
fcGhNtSIXqTiiB4l,52
Py5wM51mQnSGcsgT,52
ccb6jE2RlUietluD,52
50LI0lgOmqH7AkKI,52
uTHBjqhuciF31rVx,52
TB94EpdVwJvIleNB,52
bKUPLyT0lhJ5mAyC,52
Afo16hD8hP1jF7Ts,52
T8SgyApXyBlWjHrx,40
G0mct83aOEEU5VUx,40
PAXZNJnQ1Pqtp3UB,40
clfk04xtmQVrfZUl,40
D3UuOLWU6rXF7Mf1,40
9n5GW4HdhgeZncPw,40
GZwQPAMCD4etmRnS,40
t69EeRfGfn65iQaD,40
isacZcS4VRQjbIzQ,25
tGw27fQsPjdjxM0p,25
XYfcXwlDyNH8hSLH,25
9EM1zZgBwoEF3XDR,25
o3SovHMYRxgo38Gg,25
MWTOykz0JnGqJGCA,25
j79CYx6adancRwUy,25
bJHypYsVTzDpLhNa,25
Fe9mdOj8niflLJ1Y,36
otCiJpLw4f9VAEnO,36
kBogTZiGhOKYz1WO,36
YtiOsfU0cOEYTtUd,36
NGbPQJvgmnUgoPIW,36
R41U5iE6Fh4ACceq,36
9ysnosQHeDdxHaku,36
rFCo4ks86qMWg7oQ,36
koeGPrnjlkxMT0hQ,60
1Uf9NYUG7jEmZtZI,60
3evlRU96UPHFm1nK,60
nxyNrHatu6cDnwWX,60
JUEBOXkOya4l4nvB,60
xMdyFadbMPPKtZit,60
vcHTnF8sxTXzchDb,60
2JIoSPp3gIpIbhzL,60
yrKBNl9DCfh4OKPw,27
qqn4uC3PxrT8EHLn,27
fHfmC6iWjLVmHVat,27
WSMdtuELSi1Egr1C,27
WwlTCykxjP3c4kfo,27
8Z3V3UIIQ06yCH9L,27
78OwFiWiJODdTmkj,27
LMNgUceV6w8C6AOC,27
gllj5F8yVqpoJDlk,64
EfkPD3PS7A8mVOJ7,64
Zd27TtDPkKiCSEs5,64
D2d30FsScZO7oMjw,64
5yWeBTAjKz4Z9wI3,64
O5EVdjDUuhaa49w5,64
nE3Re77EFxHJwyjT,64
8r58IpmqA5YuIy6S,64
VYrfGXnqnDqc7hHQ,10
N4n0AEU28HgpZBC2,10
fufQMJPxSqvGjWK9,10
Oy1Km9n4pWkLLJBw,10
EcxuqKeZl7OQexfB,10
khog99sweNvhx776,10
vYble4e3h47GEaRc,10
yjk5KweW1gOaGtHB,10
Xo1u0E3cUeCb9pAm,37
msoxltaTIircdJsS,37
DMqXRRRRo0oWFN21,37
u5k0ujRTojrpqSjg,37
VitdyTslriKuAo1m,37
Sr3AHbfZSXmh035r,37
7aMEa5aRlAJ5STFW,37
9npg5bIGzkpd0BUX,37
IXmIF2nyJc93DlMz,31
F3A5l57g0TlTmzZc,31
AuEDDX3dBfj5NGGM,31
d3IR5RXi6O5mfCWe,31
M2eXMWK6hHWmXHA4,31
xUJyTNWrkDA1Es7H,31
J1bJkWkzEKLdNAQz,31
6U6ZefyJzJu2rHD6,31
zOHi7v3aKQuijMsy,4
gZau8VWOQ4CE5Qiw,4
0mMw0RdPTZdCGBCC,4
1BlKycOk8YTM2B8P,4
n0Wl8s2tHpqnY3G6,4
Xb7GCeGlDrSKyZ7I,4
0VMuvk9KBpJzmNPz,4
9EHaxoInmUIx7zLm,4
tn2bZWzv4IXFss4S,4
hTfSt1GltO42f1Vt,4
nP0aFeBFwmYRSkhy,4
3zCEGsG5e1Bwlrqq,4
RlSZEwc1lFOeMjyt,4
mesbSOn5eKS1hzBA,4
gL0DWPJAcXVg4OWy,4
wDSNp60517U0HKDc,4
GsOTGXABSzfOIINj,50
oV6iEN8YG4AP3WOk,50
GJsLVh4T2uVbGKiP,50
FDyW22kvuankOw1a,50
1ZNkQXKXNddCzISB,50
3qg0jJo2Yo49pD5j,50
WcfzyyJEdOaSkfF2,50
xSiD5pSpPOOgOH1Z,50
IBcVBCmLJoTq5t7I,55
aBHuNbYWZUjppdNY,55
hv7ntDpxZxQk8HZN,55
P0Q6Yx0ZDGyJRad4,55
Gk6JNu4U4YradfFH,55
kNHxbkpQQbwO7Vb1,55
bNx65z9FK6XOCxB5,55
7i97uwT7kmw69zgD,55
noLFawSfL4xG51kz,21
Mzk8N5UXVbRfb7CN,21
OqihiGiBwGw9MEXd,21
aeekTnoSbhADL0yv,21
0hoCQGQAX4lAGq4N,21
hQHVQyXkT7SG6OyL,21
tRXSGpSDjz9JTDWT,21
qTlaVvYsKRWmlN2O,21
3qORES0hxGUKb2qk,48
pEA7klA2UvMrhTui,48
PY2Ka6Dsi19zc5I6,48
go0QNU5TCq765p0U,48
m0XxDgjTB1AffdB4,48
4EivAd0syZD5GkPc,48
KH5g92Q3DA5Bo6xi,48
R8rOSVbQCIIajzuk,48
gpprydgItkjagpIQ,47
48Ju6NoPeO0D6StP,47
KqdOELkKdQsZVNbs,47
9Wvgfygw2wMqZcUD,47
OTnJ8Jg8ekaW6KNB,47
tFJglPMf1r20i5Im,47
ecQoXsf2o3gyrDO1,47
c7ij8vKOZM6MK3zy,47
4UGS9c9zz7tUEb7Z,17
x017XxFquIzhGVaS,17
gIsgG41Aja6oboBy,17
lHrsin9tFQeMLHj4,17
jQHoAtrdJ8L4V6lO,17
0Wg9ew4uHl2l8eJh,17
nwOsTMsUaglG6SNE,17
KSSmCPzf8z0uklJ6,17
U0Atr2bqDPJmXRWk,1
hiIXe5C6FvZgioLx,1
2cdfCaDJ98giRTNs,1
qREY4lfqBfDlFvId,1
oaiVyeVItbixF0J6,1
PUdqLhSHFl5Cs2kc,1
NCMmv3Htnq5kmgqK,1
E4lyNbnRlAPOwugo,1
4CX8r7WzBUuQovnJ,51
9JxJwUvVlbeaR7hO,51
lUfluLO9bXkYanOx,51
AHMUYSRoLYC56DPc,51
XwgzmvieqOWVfVla,51
SQGRLf6d6wY0rI5X,51
97N4C4A2ICG22rYN,51
xqZz4yYi2OlXAvSs,51
97V447T3ePCnrtDL,25
YoSOfHjNCeBUOIfV,25
fc6OFtNhQyhYKskp,25
igHczTSQYaTpWApk,25
vYmG0yKqCKWakw3s,25
RNbd8CGjttzBzyMt,25
EMMr9Uqpm1hFIkCo,25
ONac7yn5Sh7sa5pQ,25
343vUE2H88OizmII,21
qbHWR1QSJkjodLvG,21
C94Hlq6Rw4vzLA8r,21
DdPdFWMBX77PVnnS,21
nTLFf5GCZdDiGADK,21
tKR69yz8TmeLS1Op,21
tJXT2CnNAgaRiL3R,21
LlyOzwnUyTh9VNEP,21
k9icK383XZqcQd80,10
djbsbqeT5aDZgKei,10
wYYpLublqdiVAHhV,10
3NQ6EnkaYonf7ZNj,10
dgzOvMMwo7daS7RB,10
bYlkwgDyBB1INNlh,10
Gn503tm7wISRQxNL,10
eJyM8jG6LE5lZGrv,10
YnsU9IZCwkxAbs5J,55
Y4HzzVFg7wuqrA4b,55
xOyPD5ploJUPZmyG,55
quX3RgfyaJK52w9H,55
nV9uf9nuPBUmRTso,55
HicggXrQ3b0yZwkS,55
oABRWzWXSItuLbKY,55
fT6kfNSJdqfH7qCj,55
OZIW7t7vNxIW98CB,59
9Vlswu1Fe6gXylZS,59
JznYIhpa8mjVZAit,59
Zm0oK05VdxM8yBRB,59
8gevk4ykUeJ85fvM,59
fqSf79prKmYh5WE6,59
Zk12mycgaFhjzgwP,59
eVTSLru10zQstBqX,59
XB8v1iKQMbvT5oyZ,24
fCtxAqjtaaH0W2iw,24
VnKwZVEYK4Bu8BkJ,24
OrXXHFOprCeTsprv,24
fiPZA3D5YSM7BNlD,24
iS3ipjTu1pW1RzFj,24
yeUdyvADpoCWrxC5,24
Pzi0V4r3feeGUTWU,24
66CHrT6zq5aWhvCC,21
v4NN5l9IwwWWp6xR,21
E12gV2pyWpvLfWQZ,21
xYEOjcHbjs8hbYsf,21
ozyA3WwzaaR9Cy9T,21
0G3BpDRPb1HxQwoZ,21
J14FwODdOoPbXjLm,21
xdQAW32IaMImGVne,21
0rk1s1XuWmTjbBur,2
itnTDnze5v7SYYHF,2
HUV2Ush1Y2DhwLtS,2
AnBi72G3gqOqRrDh,2
ejAgBoS0krTHTJ4R,2
e13Lg8XT1rXdbZMN,2
cwheEfBRUdo1MIWX,2
ySU4ONT9JONcITCz,2
0gWmNaermdMD62tk,40
x6eyEUxWZTJySszT,40
D3I7rJCi8SIlLMDO,40
jz8ixQ85YgTEsmhR,40
hP4s5A01V0Yw3gGn,40
qabXtpX1I6B7yBGt,40
HqOtrddjUF0qXGMq,40
p5UEZL8qTXZej4G3,40
SvAC1gLOvd0Z1YUp,56
JZznAupATPigGLqu,56
o7ecVjFPbE66NcpS,56
mX81tbPnKN0EJnID,56
xI29vf1DWXsPmlJc,56
Mytb5Udd0ULjuARG,56
2LeOtpJJjp5kuPxS,56
xAaKVrYdZ5yDgsQ0,56
9xS5ZIMO6fgXpQQw,6
7K3SIt6JQtg5zW7c,6
9T8MhQPkE7dyvMor,6
1o7U0DJcqMGF1Bib,6
xcbmmslo4qUlv2Jp,6
EO27lyMGATma5YfS,6
P0tGZtBQIumAzqNG,6
sKmByvnIaQlDP4QZ,6
CzrQs1cv7GouuT5a,29
JPb5ggmdHu4ingwz,29
B5KC2V5tJ1WS4yLF,29
Lhs2kAuja5h1k0Tb,29
77uJzMj3zpuBbcyP,29
ohbaT1zYspnRjlXW,29
E1ZA3zeU4p6II2Bv,29
yyctFtC3pnJL1fqD,29
VudjpcG3KPL1Ryrz,18
nk50DlEWyBLJZPoq,18
tV9UoqZGTxEemnMX,18
vwal3jKQzejVObfV,18
IWAv1KhIW9h31KY2,18
kpbnrT68YiciIsDe,18
EmuCWqijn9nSjj8k,18
T5uJz9A7n8LXKQiI,18
cb50eDMQ1lWueoz3,25
Kmf58CxA8bZFoal8,25
3gTSyCSYDs80myd1,25
G4hbQz79mWiYA3CW,25
rWL8NcKADIeMtx0Y,25
MtCWEd4yKS8U1pRL,25
xvG0aNMWz6ePoiFm,25
OHKJ13lyatfJ2aW8,25
UjaMqlcCMp5EqhxP,29
XHtvcSDP11Jybspx,29
I1vWDPlR6gyLPAAA,29
iuW7izXu5s0RU3BM,29
9d3AQIGYHQyCQTYs,29
q2vcbApwuSoEmcLV,29
SEZ3udqaYKnEbf6V,29
Nm5HMMlasx2ESS15,29
6byNrbNCJZ7D0n09,16
Td1i9ewd7Pgn4q12,16
G27BsuyuWl9jc08V,16
m07cCHgh74eCgKTW,16
Z8vLvdiAnTvBaFFF,16
yb8YGk8SIMzFUVOf,16
UZcwP3NEABicHt0a,16
NIFyIj2NK6BGFT2j,16
kcOVsxdSTK9JaBV1,4
8N7HXIxOkShFJMuv,4
XRaE6iPlMZaoqMZ8,4
XiXPUP9Ax5yC366y,4
peaK10AjWlEViVHS,4
Uy3WIdDJw0Okxq8G,4
QKMcE1qzz4TAMWF1,4
z9B6NB4pQnZ1ITZK,4
HqF4fpMhXZuv1LVy,37
2z3wHTMzmvLvOR1E,37
eHrCUjyzGdz8nV4M,37
e00ghFMZNoeZmBvZ,37
Tnz6pJuXsyDIPwtq,37
njIa6OVNsrJxGyk1,37
TNj9e2WZsERqMUIr,37
CFw27iS4gpxTmc5X,37
Hm3L8CPAOjdUxoOr,55
DT8hpS05OChwmqkD,55
9t5wgtLwgrL2SPwu,55
92Yvo835PZ6a3XKx,55
wwtC3JfnU4CVAZCs,55
XA7nBLSQ2Gv5YeyD,55
2nuLYXydaa4eJQRj,55
39dak3AWZS6dfuhv,55
4qF3zwG4TSmNQXT2,6
KuHdta2fXsyh1uMY,6
A43EdJbvVHVwJjrR,6
JonvoMhcg9ygkwYX,6
tFx6nWCB2mWCWJ6T,6
JsWJIlzNSemffTM6,6
Kq6naek2cqUEYeoD,6
7BshOS7Qx9FJcMWD,6
KYgjhPQJFbz60k84,13
NwEJ0QMb2ouSSua6,13
HqirFgAsKeLhym8R,13
igyGLtke0ct8sDUH,13
pcDd6xTmrx0DGzO7,13
QPaLbzTPwX096gN2,13
iKSyoundSxLDUalx,13
IriYg7VRBnc5QKda,13
xrsbWjDCydhQ3iog,55
xVD4mUiLPEEtfWdv,55
rh8o7bdCGOIBFPwH,55
TYxkNBqpOuiigEmi,55
js22NsYIMeGwkZUM,55
Yvzd34vuEnHTOW91,55
F48i2GDrmZhvkUDP,55
bx2sjjhylyRuRZqL,55
y0Koco40Qky2tPvY,55
ozPB5CPGnWlcmezh,55
rb5FCCMszkdT8C4i,55
68oegBchwy2vp44K,55
pC3ngYHSSpwL6tgk,55
Nh7qyZapCIkJ84bo,55
wTJFDFh2U3jhwfn3,55
PMR5TI9MaDsLLpZu,55
nPFz46PDjqipVJIq,25
xC7aIldZbqIcAEuE,25
3YaxWayIjfQ1kloO,25
BUtsMqdXwRZIevgM,25
dWaAi1OoeTjanGDx,25
YcEaOlP7sFsG0u5P,25
lHzpLKSzktZbQkoG,25
a2bNd2a8r7atCyUK,25
tMAnF6JGefK15nH2,40
ni3ntB0TQEkMK8tL,40
5snfYRc7DDkkjJDq,40
LRhUM45y2hkZEzzi,40
ZVy4yTSrn8cJybZs,40
pT2TyeF4cac9rG0w,40
CxcwMgF8Vp9SXKpb,40
LKRUyhnHdCeJR48y,40
Ah36eonLvAmliq6x,45
LAEuvXCLhZib1Mtv,45
wWcnh1oLkGctIX80,45
OddwPjSIYgiFouJY,45
UvBCw8Q6znxxXGs4,45
yy3Iun1lrh9WsGsj,45
1jkqhkuWYaTn2HRn,45
3SUBokfmU5Zx05Ia,45
DrXnvg6YsMiG0Ami,6
UW4zAGqT0M94a6Rv,6
9yQmtSy5gOSwFf4O,6
K2rVcYAxzwUGjpVs,6
T9JS47NYwoQL0lyt,6
BvTl2Xitz2NzHZv8,6
BJFM3na03XmajYGv,6
eGVxwMtaUCLNZ5jo,6
kNwKBAWbWsJVFpy6,22
gxUU4frRO9Uo8w23,22
zo5XLU2siDGGfzxG,22
tNCBYalqLGBBmrlV,22
URtapn2aqxr6qe8b,22
fbWcVnYOtostMMFx,22
cXQyS96TFprMLydg,22
V4fBfllhZvcWpUK0,22
UDTjHvuSOrhCLnS1,5
XtLO9GWKpMCxNwvp,5
KUMdqR0AcbHlSV0p,5
IZmaF10bxns88KBU,5
qsNVyBKvsi1fVWSE,5
Gfj5aLLxRPDyuClG,5
Olicgej41Y1E0ZaU,5
RsYyA82b8YB8IUKO,5
9kN8xcJzIF4Zrsfi,17
1DpgDn9K3tWBS6jr,17
gXd9E6aDhBprJx3Y,17
VvrB5JPIFV9pTQdW,17
NSQD5TpJutr32lZr,17
gXzGIuLlzzoEOUba,17
r5IlXVv2xrql7HzD,17
CuCtPVsBSutTqIjh,17
0mkR6NdY5gXd4l1M,5
h27paD3ripxXTLhr,5
JvQhAw3Q8WB36Ud9,5
MtCzWngHTnPqlTKb,5
PgDdVwXzrDO3RBVv,5
5NUBDy6QlSKgzS8c,5
CoGoL6Rv6M21TQDi,5
5qMbB4b2HPlFBhba,5
tym5EyycSRrSyvxZ,54
vB6dpofLaoAVW4ZY,54
p1NwjXgh6fR9QFNa,54
TVSDgCBnV9uaA3YW,54
3IVyZNKLBLHGXj44,54
5kTI5aWWhHnjpxnc,54
nEUA5avlpc6quJGg,54
4CXPmLZONWDaqWAM,54
1J2dBwmmO6mYevmQ,13
AEIelHGQpCNOoMPI,13
YqJeK0o6qAyCOzBu,13
QaYo1SNJahmoZODO,13
G3iB7r2iLw39gGvl,13
n38Ncug2Vch791eW,13
MfT9S5oghk9ywNSC,13
cMKCJsslNGkLKpey,13
vCJ6TAC76h8jyuZE,29
nd6iA4uyrOD8TEg0,29
x1ARAf3AAJL5tcKp,29
mdluwL3VGXFLU6id,29
CwfudMPmLHoY7Xrm,29
URoWXipJITCRADy2,29
3hfE3NCj0WALNMNr,29
6wrKvNOVPPNiKfWR,29
ZlaiXPyVZHpJFJNc,4
0osXjXBzKJ98dANS,4
W2KNy3XndBz3Dbaw,4
zD9aDrlh9v7peMpO,4
Xqbz7HRIqemmmDof,4
EQHCwqh7JfwBnjzG,4
bkGk7t4M9S8Hm8KW,4
1VhSU5dvy8Tov9PH,4
x2zrClKiKRo0gUrZ,37
0SwQKfck5tvgcLfc,37
qSC9yKEXpWv9XDRD,37
PC5P9rdb2TxNFxXH,37
vU7El68vyk9Kkz8L,37
RI0lmXgWontGtuXH,37
bFdTs3v5xMsJ1tKS,37
hzLcYyMQWyJw2Dqz,37
sbDHoUUTXb9IodXz,19
KmShSWeml2uWokzO,19
eq8InFTV0w562oCT,19
FWiyneKLYWwV5Py5,19
n7rsVUNPzQyH9BBC,19
P5QNCc66w9iD4UDr,19
NN3iWefN1lrCq9nP,19
aP49RqsWkedeFw5U,19
ibAnWfHUz0shEyeO,57
ekNUUuwvfRTbb9x4,57
fWKWQl9cjSv1NV1L,57
ykECBGNVBWj09YEb,57
eTLeR7GdZtoG5tSp,57
1J0VX8ck59Y7022i,57
nifBSWYhebXEWBcm,57
bWa40fopd11ROkUh,57
BGvdCrxgdPyU7Bms,30
M9UWA0xXEQxtM5Oj,30
ydadQfY9Y0hQXVdf,30
TyBLQ7BMlXkKwooI,30
0HagWfv50QnVAbNy,30
ektv7klLjqZxyCRb,30
qYeY5tNhzK7MLpWM,30
ktvEjpdISrOIhb0c,30
A8rvFQ7H8zuuWWw4,40
jA2oQjwFbpKVSBxn,40
eLf2p0U4w5bwTVoU,40
o0p4rYL7CkNB1NDb,40
2BpLwzgiVzW1y7XC,40
BnzAM1HpE1wxOPxP,40
RdhJeV3xJKgmzIjL,40
FCbXuoztr99Zp0q9,40
Zwez3VcBbD6e3uKB,16
1FnhRcitkyZsuMUZ,16
Z5tVCCfLH7WIGpCr,16
slw5ce48zxCxxuEt,16
PvBgyjl1vyTTRrSF,16
kZU5BU5Ai1LMfjnt,16
5c2b19kEWoaaQ2GB,16
2q4XL6UQj52PGfva,16
Cnq5UY0iyZ1XvI2E,25
z2EBoCk8bmPCosXq,25
68QwGt2k1Q4JlsgE,25
FMEaIydt5PpDWE6w,25
br16vIpIFxca3VFV,25
yeYA9q4TIhTXMPIT,25
KVb7Fh5if65kxFNZ,25
9CsOlh5i9maNWqaD,25
10QrhU8DPSyyasuA,7
IW54w3ffLLc6zuWz,7
EHBoK6f9thISpuLc,7
ExXxCyDlMNehTvsL,7
8w0SwLIwhyciggKQ,7
xrHsULSu9f33AvE0,7
siYC73VEIyiB8ISQ,7
vYL4qR1bbp07IgGZ,7
3iWJWzFR5Gv6f9wR,25
iv0hfiMQH7cV3n9W,25
WbD9vSK9HINEPIAw,25
DdeGnixORSYzyV3e,25
J5TaRgiDEei4CFSg,25
oWo8j93iGuuyWOQz,25
UmfAca6qWdl6EkJ7,25
jbNTI6fKybVUiDOO,25
CaYVhNs8WwmRNS6g,1
quoguynXdMpa5XZE,1
4dnbGOIcHO5392eD,1
ZncYZQiEOyWN4qDm,1
cLlvehrjWAkSxJkC,1
bnoPNHifsCJR1888,1
BRVeiQGOK4HLNUoa,1
66kgnjGo1mY5JNS1,1
EvpaaQf6h1KQFj8f,35
6qyKnXSTwhb4kVft,35
X3NAdmnvJ4kQy7HB,35
2kNnsSVfQEilmkMF,35
GDHnebmgqZZwW6yr,35
W8wdFrxaW9VMnV3p,35
T3Hhat7cR2M3fvD4,35
sV3vZhD9ejW9o3RU,35
EZAP4ZkhiSUd82kg,25
d0KvUoiQUzFaZJq3,25
75u6pKmwtm0vHRAr,25
bQAC5dDF1NTRUUP0,25
kQKse0luKCNNV0Lc,25
beAivJwhwcRiSSOa,25
g9NIE4MigAvag2H9,25
WiGfAv4dAqzmaR0d,25
LbW5OvygBwwAwdQp,25
fUVZgu51CqrTZNzQ,25
3ZxOeKcOr5wUYyk0,25
xyssAJSwpQa7qxxu,25
9NeEfZ4Zydpm1VZR,25
irdmkTgewSo3vwau,25
0qAbkepBWI2IsexF,25
f5cMjlBHvMlRBj5Q,25
mUYiTCH9nMAXVLlf,40
2KW2WCEcogSZEaxB,40
AJxszlffy8CaOdAk,40
Edih44tQyeVyN1VW,40
ogDvw4kKCEzchqwG,40
E2GxFys3BmMepJY9,40
2ooZXGXsfzi7WR0L,40
faKkl4iufUqvwE6L,40
fWxwvfAvWeFzIdHA,1
kJPtwnLFqNVOLxbC,1
8Mqn9A6okDcxAgq9,1
Xeym5MC4Oxbx4C0V,1
Ah7PQ8QJULt7Tn5E,1
HjhxtxtsFbYjjYLA,1
onqijI8wSzkX8XHo,1
ESSDMSv2LK9vNtAv,1
H66Ktb4aKQtyv2W3,16
6o52HAS5xDVfLgGi,16
sFn4R9dwVQE20SQC,16
wpLj5zcN4BF2r7V0,16
qIlP5XM90ZsmSxcd,16
QirrDMYOugoobTuo,16
GTjQijyKVrd6UOxT,16
MibJx6ArKT1dh3mj,16
L0rGKAmrdBOFMgEB,1
ZOu2b2QOtKii1hSD,1
cNTmRRUpTn8KBpFL,1
vjCXuOzdakipcio5,1
259Ksw56mJJlnipt,1
oTWJalmBS9kgPYMU,1
fq16XqCf5Avc2qqX,1
XKA2mP9zjbTLeAa8,1
MIJUdqbNnozUlCjr,45
Jw1pjbJLuWokZ90y,45
7WFFMBAd2uq6G15v,45
w4Aq5A2DiR4yWozJ,45
EZZYGdgGK3gwBREm,45
oZSmA6hZ1peEN3Hv,45
ju1xBfrrg7jQ9TWS,45
cQBkqiyhdTppjrJS,45
Yw2t4EqC9ZzSM9vc,40
R65XbBlJVWGfuUSU,40
8NzDIKPDzcK9HEne,40
YRdcTS1AprPDtOXR,40
FOtNoBz2R7ouETXU,40
yAaXBC9ZwPhrhqHo,40
Pg8vHX272R3vRh1g,40
0mqbB5m2yIbe4NMc,40
rh29cCzL51kVBiyO,25
ByMsGK8ModbxgLOS,25
GNRUSgrv2q7IfZeJ,25
j9o9HyZLE6rRiSgP,25
ZSPjdaElcis1xRR6,25
mTqwzHR4GSr68Hzv,25
d6ZWfj6IpmfKvxG8,25
8uO5nvI30O6tA1qc,25
lu14jUbWu4A9AtCV,45
CJPd5wE3TjeRwe9U,45
H9erbIk6Il8sW1zt,45
unP6NNH4FxWPKZhx,45
olYXw9BVl7tRJIV2,45
VYwKACuCFMM2fgRm,45
xS55xsBVei0QZdoW,45
ywlRQxdJRhxKvMbt,45
Z3ZqVvHCPVyyNq0L,54
gMPtcUZKyfXd6Xvw,54
aks7LkPFI7Yvk2ms,54
sXe2iqnAezdxaSlM,54
TnwF5fMlgsKzEKf0,54
Fi52OHIUuYFtqJ2K,54
cLZBesMYcK62fadM,54
8iVnzNdozl0VJM1e,54
sxdZHLh4CWFBWGcQ,1
7hlHU4tL0ZFgHwSK,1
0TKWS2TOSrKaupQT,1
13pQPV2nSeeFdnaQ,1
aC6fjed0jT2rjmsR,1
RVRqLy0O8xgRoEbN,1
ysDMVtR1CoJAs2Bm,1
2m8vSp7Wvl9eweFm,1
51X1nEewj41TrmYh,2
MPaJUrR1VHNzu4oP,2
gYNNY28g0JcGgkOh,2
xQ8VS8IALVUj4APg,2
9hPjXosn6qrdT3DS,2
0rQmhnOTWuSRRFta,2
FU6KMOCDjjkjSBt3,2
7cL8lDtLpRK0cLHf,2
h3s3bpBSLzOuTyzy,25
UBCsB4Nv6GYG3hLO,25
QrEjY256VfDhW7ks,25
szL6TXahFyngWMfK,25
ssS7mS2JzgiuWYL3,25
0NOtZTooF9xcrF5T,25
P6MbinkagywgMHJ7,25
LacYGRQHLjuX6YI1,25
JBC2x4zE8x2nXYu8,5
Ih7yfJs1ON43xKmT,5
0G7ijRfOZFw7OzkP,5
keqOQku3kZyf7gLF,5
Id34joOtZXOrwBGs,5
bAznl1dWezWkK79R,5
lPtejBQACA5PGbYP,5
FqnUnttigcAxe3cZ,5
bTAWmN4PRvOeTpAJ,37
qQmJra9K87T1jXFC,37
iSq0yjrv2AeHxeFt,37
WL4295AOCQhHHpKE,37
YYf3GK1Vh1g0LZZN,37
cp7HtvFzVkbwRwwO,37
jUcte2XP5euTtIGc,37
WFM0BApCMYPuHfRS,37
Zt4a1Tcn2VkEnbnW,29
3cAEKtKC5vYyE1U1,29
CiTAYq2kOZBejUh6,29
oQjNYvRMswl7o2fu,29
od0SyFJbeRKryFcf,29
4Znn0LMPwczzSzPF,29
HXQ2351MEhrRHUOb,29
vu0p8xQzyNdw3vZg,29
oPlxlHy9hYnkpUMq,29
ALAqbhdftzbf4NRm,29
4Y3H0NPUKWow83tR,29
XmIJfHjDpa2QBoto,29
84fnxRVetPHuvVYb,29
mfPIBCibEwLgrr1V,29
Eu1lFwsPlTGT6Q3m,29
8zPd20EvRCHNUY1U,29
GVLnO1lH62DXnj7Y,13
VO4KBHOOIt6wEIoZ,13
IlwUYQ7OzkW4tClJ,13
4DsnLbOz0q6IqEFm,13
uKzDWM9cJLIXRrpB,13
BuakYrLhzYpacLYS,13
5FDJ2S72SQUSas6w,13
2FwCdxn0lcKTpyeo,13
7sHtBcoTymHoL0zT,25
J38BJHO9CIzbRlco,25
PNOo6fDmqS2kdzNB,25
8mnOUvSE5RObkS5q,25
4T3KjmXjntlgbIM8,25
FqhTkuo9eQmEQNu2,25
Nkxx6syAXvRMdYOP,25
BnqtRsnOMqzGXMyV,25
gCijUesXvSuLpTEB,5
5lZQwhSdHxFoHmJT,5
NkSnbEIhrhi7XXvD,5
sAyihMNSFGQu1BvO,5
5RbF9LQzXtURcpOO,5
eBdSEKQgF187Lgn6,5
JFMZ8R4DHGG3KCwR,5
yEvswCA0LOdLsfqi,5
CEbvnVInnIHWqJEN,26
yKywAOe71naJEZBg,26
hfyzCoYiN7as5Rv9,26
63QHtDP9bdE2zBRg,26
3FePH8BcvyUTzIGa,26
HoaT5mQrRj40OrmD,26
SbthGBN0yaNxyz31,26
5IgPYtsrksWJ32rj,26
85QhQi7IOUFfYSv3,42
9wh2Tp11XvIV5Di2,42
uPeCDRHwi41XJOLl,42
K5PARWBu0ummdZFF,42
5GPoqzPnPH0Mg4Bf,42
nWVWouw5rGRBrdex,42
HCtCrb3CmNEjKOAg,42
JZOnaOmSsqYettGJ,42
MFkLAHVklUJGQ5vV,35
2G5R0gi9WYA6dr3P,35
CtyaslLp7D9gEUJ6,35
UxaESJBF8KzKKMKn,35
cipXfrj8OMaY9a9Y,35
zpB1axciUH4PfPOB,35
9Gf8JfyQEf5FCQgh,35
UYYE0ehKB9Urjfui,35
uWJVE3zJGDTFCNlx,15
2ccrKI22oT2ke0Pf,15
oK00i7IpX6ARLQiM,15
K8ffUF0eWIXiiQE8,15
25QaQd6DRUoZxXOB,15
GBtoxJZpbLFuomSy,15
Pu2f8rpvIUc1r1Ef,15
spu7CIVYP6r2uNbV,15
0NxSR9SRzZtfiiam,40
KsteLTWhqDZKUd9x,40
qM6httunpFS9w1lb,40
9fDe1m4cWp8TFbND,40
SdPy7BVppEc60xOT,40
HcXwlH2nZMX4c23v,40
5z0BGufzQgliEu7p,40
5KaPaEpFLsNLN2Y8,40
45hJ7ilVlAA42E6K,60
jdRUzCWMKGfoBsYz,60
JRHlvie8k6QHTIyB,60
agEX0GmnjvRQ2VVG,60
4W226Jw5xCOTh6Be,60
XDoVOQ0ikJw07ZC7,60
h1mqRdoFFNeDaX8n,60
WyB2fW66tMIjJUlq,60
PEDuA2X7UMMTNVaB,17
4iYTgLRt720bit5D,17
Tx3bgo4Kh6KmHDdC,17
CdOIRQzW6e3h0Ffn,17
TOrixRp7KSS0UZ2z,17
t8xXJs3PpH5ruSIG,17
pAtIveCHkSCRxVFE,17
nq6RswMVrkfbTtkb,17
9Qm9OusTY8YfwMZF,56
uMfcaTr1qmzq4nzr,56
cUWIqCRu02vxCRFp,56
1BJCFSYqRhJ5BPwl,56
HAeGBRWQSOHV9mWa,56
NU4wDSLEfgs3MfD6,56
V4HcQv4XNiMyjkl1,56
W0fOJITtl2OXtypG,56
6maa3GUUxFz7A8zV,23
fNmdSy5qBOKhjyZF,23
kyElHcaE8jTFk0aU,23
D7zlLklBBBCG1SGa,23
MT0qUtcywTTZOs73,23
xdYDV87WtLphzyaH,23
uAH8MMShR5bJPPxI,23
wVsxHXvGovSA5903,23
zwIfjZMibPxKU7kj,30
JWIyD7u3mSpKyo2X,30
1LkKJ4P9ajTHr8Pq,30
vIrJvJdvkZzplQhh,30
rezrHFNiQ3Sed34r,30
0F9UPVFDkUYwkiUI,30
DxCYNbmkma07JHId,30
HIj2uiUAP18MK9dT,30
15qhODBLk4TS3YFW,4
4UvcO2ggprq7MyI6,4
fNdKPYY3938VlsJE,4
u6FvtEn5IGXaIslF,4
NlKMdDkiTAENrcBQ,4
IuQEgdM6nmIWxnca,4
9YeE14A7D64MKo7u,4
UUwipoTjKC1a1rKP,4
YLsuD6VqcvWhMQOK,8
KPgjD4gVhpb5Dlrb,8
daVpziQl8f73e7TX,8
1He1NsieDM2qkPXS,8
6azNwPimvCI4zuXi,8
KvjcxyecdA9FK8Ka,8
XJOANO9yBTa2NAnw,8
QfmOcnbCXy2yeEay,8
OhXmAkpnVVPY9OtC,40
epPndgbEvmx8WRcl,40
XjFjREzxmZe8s0x8,40
b6oqCngDugcQlL7x,40
n3U7l64w9ZPRRLqC,40
tXRZz0pfWEXEeHzl,40
HnZzJDtDEU2FqaDb,40
FaZXVwKpNADcg50S,40
Kif0Z6SDgDtRPTXD,0
4KErc7eR7r5IKQcl,0
5y4unaLjqV9Asnb6,0
6jccAhEqemAtq77Y,0
kYjEpv3o1p2t5a8y,0
vTZOfFoop6wHhoAG,0
5JaYHCXmvtpE3Q6J,0
Q6qaOjwc8bArljDA,0
6f5M1W5lCUk7C28Z,67
PqQ3smZXin4z9lk0,67
5SBSKp2ISc5ugqwp,67
zvX1Sb6kx69rWtFj,67
QQbkSrpZ1WxaSMtC,67
BKxNrRzWnAJYJElx,67
Zc8MSUoQ1IBUMTSq,67
DwtPoCmS3r1E9yrk,67
8l8WnrYo0XH6JH9c,36
wuI2FdZL99rOSdrj,36
tVvovXkeGOhHGm5X,36
Y9vUpnwyAGZkiXWH,36
8rdcR8BqtPxsPDvV,36
gvPSeD5TFWpWqvsS,36
Qi23YZHBmahei4Y0,36
XBS5QXXuqkXerXdy,36
0Uk8nMMGjepCrvvA,7
lPqvHR04F5aflaVV,7
xpxRRrf1zYbfKMfN,7
JumTzaXOgEs7oSbq,7
NYZyrSk7iLDhiu3j,7
o8eSPJcwF78zpfR1,7
v1v7RE6EZcPiEjOD,7
aHIcnv3tANsyBa5t,7
Dh6qcbVPqLpIX8Je,24
AEDnvMju3TuU3wzi,24
QRfP8SEpVyMaDVGL,24
hu97IL71fkZBI4zW,24
zVt078wWbVRvIhPa,24
JBBP5cmkribqYZrQ,24
66nula27BklZydRK,24
XVYxdHAl2IA6Iuys,24
LiFHJsXrFONcLJyZ,15
Ia2gBi4qUxWzxczd,15
ZSYq25WX8bpr0HOq,15
JmWAisJCtGvzln0C,15
kWkdfO4v2jN97SFN,15
h4sjsrlBXaEYWHeL,15
DIgJOd9EDN96TZrN,15
i1ibtfADI7Xl5hwR,15
I8qUb66NZYXfekjv,64
q5OgYhVQd5W3xwVA,64
5Ttj4wbDZ6toH2ic,64
6yURfWu7pp8cajFa,64
ihXhjbXkNf4STnGf,64
fxvhF26uHWz5n576,64
MiWiGODWCQCj3Uuf,64
vbmmszaTEtLA2O9G,64
6Yqpt1KPtWQAvi6B,14
vekk8v80VJ1sADYL,14
L27rgpkg9a5WKCid,14
XnivpIhPEV8WL39S,14
4VrWvM9NAIjirnf6,14
n9xN4OBKHub47ruW,14
4qNiElGdNamh3CJ3,14
nINb9kfKVNrZFhgp,14
BJNdu54JXecIRb8h,37
Mvlhl0gRwyc0pGCe,37
AljEeatSmmSgIDvg,37
FBafS13DwW9hTVI4,37
np9xlohQDOusGCF8,37
Lzmiw00NslOpO8iR,37
GZz5q3NK5n2mQLCr,37
V216R7BJFcBLauD9,37
1pjoYKQeTKUoQlvi,65
lbkhCuIKl06JnKSb,65
PU01tMPGFSrMTmSl,65
qYvuLyRZ64uRXCQz,65
XcdqvnvHwTLEnd8i,65
RiqyocZf3UMIV9yT,65
cQyrjSv5zKaGT8XF,65
CduRh5IjwfP6hYb8,65
ipLd6mFhuPx77Hza,64
CqDTg3xidpufOKfK,64
p3B2yAbKFQKFGZu7,64
oXTjLStwRDHB866F,64
qLwEhZWcZsjQ3vNL,64
JU7lRwk3jKkus24Z,64
TcQuwjxCIkIth6bz,64
gJkn38FLpfjzN1EH,64
iPWaWN5GgJcRrdPK,21
mwMsIlO63Yi6qxis,21
DhMVyAAB8eaiuVz6,21
Od5TSJCaiEjI9l5c,21
TjTVl32ifA12hdCO,21
gxLPauNi31vAGDat,21
pUIuo5O3ovG3QsKM,21
vnzULIZIgysXLIbq,21
OOTo1bjmAqWhSOBM,29
2z9CHRX74Mqxgg29,29
qHW40pv36jAHdz3r,29
Fu5kdPpStqCBvcrV,29
bGnOHxbCzvZNDwNu,29
NvGXQiMqIApYZdMK,29
JY0OpAyLZUqNHpwL,29
B4oK8r9BHsxGnTgZ,29
tsVliOumuhe5DHRJ,64
Gh9CnJ3UB9Ig6ywl,64
nkJAR26WhraTXiOs,64
HR2juRvjapl87R3U,64
D1dAPJP1aj3B0LQm,64
TLbq3fOGULGvBz9S,64
j6eS8tpWzt0nIOg8,64
sLPTLQQfXbd2tP57,64
32605K4Fi1rvjJrh,58
W7hYYAfRyLnR9AZl,58
1hIfwyb2v2skEdDM,58
wQNLK8FDXoUD6YKm,58
5YpfvklP6KS3gOZb,58
vDIxSlm9ujMGdbYN,58
UWZaMgyybh0aW1P7,58
4f0oEdScUSTeQSDr,58
H19wBvWYnpXETEEY,34
2fgffYVajIBF5f7Y,34
LhYSi5doVSI82hJE,34
Gk4aEhw7tJfJuhoo,34
qINa3LHvMjCgqoRA,34
jivfEKVdJzqfzGBX,34
EOJR7CbyO0EOBnvp,34
5hdmpWMLpFGWGy8h,34
yYC8hQJevpxjp90F,13
Ej4kqc5u7U7xZ05p,13
iu7NukzNV1tLvG1G,13
9XuqchsLQ2RpJR82,13
4BnNG9Zu4R8vOqWT,13
DcNLdUmhCYjgO4eY,13
0veJ7lEuwn5Krl8V,13
jXQqoEzxtxB5lIZr,13
9AiXepI7aZu6LweN,31
dgUSIE9pftnLfuf8,31
BqjxsMCIdyroEfN1,31
S7HFCNO6W96psFjs,31
qopdPRJbdP1SoEcc,31
l1FKZyakrkxCdpWn,31
IcV9e4NMcpsjh92X,31
fb2nkyXzsPW9Pjht,31
m6lTRzmvwYrANRcn,15
L17n22GA39IkEJYq,15
VxfYLzkJkll3waWg,15
m5xky1qivKQPNnhC,15
ovrP9UOFtgzIv4Px,15
yYRvosFyWsfqsYjU,15
y9CQ9E4eD6TDulMA,15
mWkFGDF4tFbf8zGD,15
BIEQFgv3AZKl8jUa,55
WB2IhXfKpNF1Ifr8,55
FAEf3t1KKRIBpjJL,55
myFAGP8XEN9BEQty,55
ehwrX4Q5pKEI6gxF,55
O1PfDkb8p9uELyw9,55
hDfca31A6xA1j6zz,55
MMstRgEevrOu3rqP,55
iapgXHACB1UY0Drt,17
OZ9JEEEyvqaiot8E,17
pNQq47BRKT35Otn8,17
lmdl9GB3vPS8v6Sb,17
P860HlkSqTCpfiAe,17
wrWfGnmXFJHgtPFW,17
SXsuy7Issi0yomn0,17
8DWxKDSMxo2hKP0l,17
bNjpiEQhK8nDSqXx,64
L165bOibyaFgpVzP,64
LdOlQ8KSXjoYotv2,64
KPUBE47zl7VeGilt,64
BfeqoxfMcUy7zNPH,64
Szcz44vSpdVE6r5x,64
5nSR44wop9nxbh9z,64
9E7C4vszxJAhEkJQ,64
ysyrUA18EyqDJ0wy,30
dSgQLeE1M3kbjxjf,30
mQVKRRMKleLiVeiq,30
7ZzS1VuuCroe8miX,30
XpRMATDlCwZDGsr8,30
kstboOXSpcrVh0Yy,30
RUZ2Cx1WPPduu9ES,30
Wu4T3ZEd8XWWUKtn,30
x9Sv9SXsQUxM4lcu,27
I3PH4MroJmchtJQx,27
hGPvLBjOUzpchpzF,27
3flKM48wC7Y5a7Zr,27
iAhuhbCaVwQxFax9,27
SXNZ5kUCcAxRUpCN,27
LOPjEfKgGLKZoJ12,27
8nyC2jUQfe1uyCWU,27
hz044m8fJ2FmiHcE,1
AnQSwh6VT76gbMAF,1
hapOjZ3aGj2pq6g0,1
BRCNrKXYym4RIpa2,1
xb5vu5PpSOyiKTOf,1
BSIVwpVQ86048HRM,1
B5GGvBIUtR81BF6A,1
6re06p0OzvPmiLGu,1
UpD34LSJrrbSKEeU,61
SGoNc4BiqzEjWHCM,61
WJDW1zDD3QB2dayr,61
O2qGFq562dfOB1rc,61
79tMUVyfIdy3GzkG,61
9Sx5ZRhI3p2Cya69,61
4s3offmR26jZyygg,61
Hqb4MdJdRxgka9Ha,61
4MDlMv01Cuw4hjBn,3
MCpYlDGPhZM1v366,3
ztDVKMI39rzbWRuG,3
cj4DY6Qgz5MHSJPT,3
z6iIdvvdC0C7rTdz,3
so06UKuKMXR0upt4,3
eFnyuqi5zlsgDIql,3
sED1fQkLdOnxacA7,3
l9DVLx7cfXtux5y0,1
pm4ks2pz6kLBiaZI,1
Upl3lRzFMeWhe0FG,1
YsJV2oQ87wPJ8BOk,1
FfiGe2YrqiNrr2qa,1
gr2NL02Qt9clZmim,1
MBHHxNnqU9iHJnOZ,1
saMeASwEoEAis4kz,1
bN5LAkx2qmGrH56b,37
9uQhwSzTiX4E1Z3F,37
n3UK573fbXjPKkX7,37
AVgRduqh3DYfucbY,37
3J3dQymuGwobU1fb,37
IydfuYEg2S4fYFhn,37
4fetzTUEHAXA0Kei,37
N8OAXNKZy3XQs1JP,37
oMFzVNYfwB8787EQ,2
xbqy3aEbQcfs2P6r,2
Rla5fQilC5uYY5Kw,2
MPzcsDZRRkjbuoM5,2
0SDEuPPz0ykdZxPB,2
ccPugT9HO1r1VqLI,2
WRoSDSc7WAiElI2g,2
9nTzbpXAGbGPvJQG,2
guOhV0tt0GEBkg77,4
NJuFVII4CYk5J7jd,4
ItrTMIJYXZpIamCO,4
HjJV9Fio5RO2jtOt,4
TLAeSfxO9PMTwRRO,4
1v5WO5CWYR9Ysgf6,4
2dhN4UovsvYTR5co,4
KyqXi66L7vGOyhBC,4
NI3oKisI2sGeobat,62
1iphKVG7hHQ1L8X7,62
tQunpDjTjcfdL4hj,62
PP4XJU3nBC4oAv0D,62
1BjRNfVdUGFo0Njk,62
MtfiGvpET1dcYy38,62
v5Blm9Pi2Z21CFPT,62
4sk17nCkqBBC3yV2,62
xHncAJqR6Gn3BX7W,40
7h9d18xLf696wVD5,40
VPBr1xiRUv4EDCwX,40
ZQqFCBamJjZR9GdE,40
uJif6kylAqn8MxzE,40
K0I5shzXqoC7CcOP,40
TBl3UE2gqnWxNmqh,40
XzaMRNbKDwFTHIZY,40
NQAD74cvanuAX01k,9
bvBlAb3HuyqfhgIk,9
